split,ae_error,if_anomaly,risk_score
train,0.11836694,-0.0137732189423047,0.4040115651257808
train,0.123099476,-0.0233222145801063,0.3736190373679579
train,0.12454128,-0.0653219868251537,0.24019115297203633
train,0.120659746,-0.0815177498748886,0.18839438244966988
train,0.11340284,-0.0900542164692755,0.1612245304815144
train,0.104030944,-0.0865176787147194,0.17248061708463705
train,0.09312839,-0.0827702356826631,0.18440797266135947
train,0.083968095,-0.103095264859342,0.11971750291338178
train,0.07922962,-0.1248741683717335,0.05039964429849447
train,0.07892473,-0.11707739440503,0.07521520377643999
train,0.080755115,-0.1285077426899017,0.03883470987880884
train,0.08224586,-0.1216723152530212,0.06059049718795491
train,0.08405316,-0.129099194791349,0.03695223709397491
train,0.08557451,-0.1537599891207793,0.0
train,0.08523095,-0.1602636662917042,0.0
train,0.08245357,-0.1621934140460832,0.0
train,0.076167084,-0.1637100922636271,0.0
train,0.07178331,-0.1590452487921667,0.0
train,0.06897689,-0.1565165052149267,0.0
train,0.06475903,-0.1713826984068655,0.0
train,0.06170704,-0.1768840634875282,0.0
train,0.060112357,-0.1815251518604307,0.0
train,0.0593396,-0.1826504380266075,0.0
train,0.058348272,-0.1743710445374905,0.0
train,0.0574662,-0.1728979344450681,0.0
train,0.057933304,-0.1667982278731425,0.0
train,0.058732238,-0.1589603910782839,0.0
train,0.05743895,-0.1640653008733409,0.0
train,0.056662038,-0.1606923432866712,0.0
train,0.056673978,-0.1695820307136419,0.0
train,0.05618228,-0.1789237913834913,0.0
train,0.055511795,-0.1747926174802911,0.0
train,0.054362252,-0.1738753127918315,0.0
train,0.054844074,-0.1686490400968416,0.0
train,0.05573965,-0.1619453346248486,0.0
train,0.054870095,-0.1656672753963753,0.0
train,0.053079203,-0.1682396821824092,0.0
train,0.051907733,-0.1709422777640066,0.0
train,0.051723063,-0.1717949568797692,0.0
train,0.052736793,-0.1617109277709878,0.0
train,0.054508608,-0.1429449367060067,0.0
train,0.05403764,-0.1377691060040609,0.009357657812035763
train,0.051708706,-0.14387284773692,0.0
train,0.048500195,-0.1516952142643582,0.0
train,0.044747934,-0.1609018814823075,0.0
train,0.043759167,-0.1798725552548725,0.0
train,0.044420198,-0.1778369676517148,0.0
train,0.04544879,-0.178041896123754,0.0
train,0.045915887,-0.1803812652504893,0.0
train,0.045879636,-0.1807621310311881,0.0
train,0.047886763,-0.1725600838786737,0.0
train,0.051490758,-0.1688688113262824,0.0
train,0.05737906,-0.1641330670600647,0.0
train,0.065736026,-0.1547976719774565,0.0
train,0.0734,-0.1530385317862656,0.0
train,0.079416186,-0.155755114036154,0.0
train,0.08328768,-0.1666594491639548,0.0
train,0.086129606,-0.1768163591839452,0.0
train,0.08572494,-0.1804706414340202,0.0
train,0.08299574,-0.1819128803168023,0.0
train,0.08124097,-0.1879817968910714,0.0
train,0.07862249,-0.1845374532388421,0.0
train,0.07661458,-0.1819215624507006,0.0
train,0.07481966,-0.179968806356293,0.0
train,0.075165145,-0.1766452603202989,0.0
train,0.07757809,-0.1740889055531461,0.0
train,0.07861828,-0.1685750923692114,0.0
train,0.08246633,-0.166387499816386,0.0
train,0.08652155,-0.1568919032254199,0.0
train,0.08807881,-0.1643776517764951,0.0
train,0.08998165,-0.1731109637143252,0.0
train,0.094189495,-0.1790729724534097,0.0
train,0.099969335,-0.1812250558049502,0.0
train,0.10536591,-0.180772360023419,0.0
train,0.113001384,-0.1709776063575714,0.0
train,0.11859218,-0.1674345575976037,0.0
train,0.119593486,-0.1712108005717262,0.0
train,0.11823229,-0.1578956652103199,0.0
train,0.116495185,-0.1453870363696406,0.0
train,0.11662742,-0.1403765356276037,0.0010587350545070277
train,0.11318445,-0.1337231001408981,0.02223527868115573
train,0.11135977,-0.1120813605026945,0.09111657234075884
train,0.11259256,-0.1187956574488942,0.06974631895999378
train,0.11447324,-0.1346848185971447,0.019174322745541275
train,0.111662135,-0.1329108856622094,0.024820393600585657
train,0.10493316,-0.0898257737123587,0.16195161771602756
train,0.0995928,-0.0773921061717021,0.20152547450626349
train,0.09446046,-0.079161749583052,0.19589305633989784
train,0.08509458,-0.1053140195155043,0.11265565420876385
train,0.07298291,-0.1465702423360966,0.0
train,0.06642126,-0.1706175508125746,0.0
train,0.065287456,-0.1682312478740684,0.0
train,0.06268296,-0.1535263833983128,0.0
train,0.058731966,-0.1649102660860372,0.0
train,0.057550788,-0.1814289918680482,0.0
train,0.05898271,-0.1819733716764975,0.0
train,0.06270867,-0.1716343662477292,0.0
train,0.067572854,-0.1540892580243202,0.0
train,0.07140005,-0.1513754101300634,0.0
train,0.07333211,-0.1541028412726358,0.0
train,0.07527587,-0.1600843708757913,0.0
train,0.07629268,-0.1588791948861243,0.0
train,0.07568862,-0.1495825821361489,0.0
train,0.07444274,-0.1324755760820087,0.0262058962231989
train,0.07355167,-0.1229333026533754,0.056577028544633465
train,0.07055308,-0.114476238595534,0.08349415824884247
train,0.0648472,-0.1143197694844797,0.08399216788057112
train,0.06174642,-0.1197203830644454,0.06680310377747224
train,0.061387334,-0.1242563256093518,0.05236611323595215
train,0.06155708,-0.1215336208086385,0.06103193363956142
train,0.05937138,-0.1321946273209162,0.027100099482254475
train,0.056854486,-0.1462104830642037,0.0
train,0.055294804,-0.1404330561824527,0.000878841524622517
train,0.052814502,-0.1544489076356869,0.0
train,0.05178713,-0.1543789680676494,0.0
train,0.050446026,-0.1569944320835641,0.0
train,0.049622633,-0.1671266780916,0.0
train,0.04979527,-0.1747516032515682,0.0
train,0.0506129,-0.1814443349757279,0.0
train,0.05184631,-0.1842539107642211,0.0
train,0.05246728,-0.1842815198667106,0.0
train,0.05311087,-0.1718271640956283,0.0
train,0.055239543,-0.1629573648381942,0.0
train,0.058490463,-0.1495665972685044,0.0
train,0.0625257,-0.1278725743079816,0.040856322769904724
train,0.066833265,-0.124230855330113,0.05244717999921473
train,0.069650844,-0.1290019878620056,0.03726162715030989
train,0.07204946,-0.1272528161740359,0.04282888794885565
train,0.07355532,-0.1339425723667052,0.021536742838442858
train,0.072735205,-0.1424510125819114,0.0
train,0.07212584,-0.1619772493237571,0.0
train,0.07236,-0.1693487625689392,0.0
train,0.07396208,-0.1807923666842377,0.0
train,0.07605195,-0.1872484699714465,0.0
train,0.07717081,-0.1857658050920225,0.0
train,0.0780593,-0.184117856014379,0.0
train,0.07802723,-0.1814257781945858,0.0
train,0.10933429,-0.0279521409351942,0.3588829153085199
train,0.11476818,-0.0443521465320856,0.30668500421525163
train,0.11637412,-0.0673303916009254,0.23354988324858703
train,0.114911556,-0.0893028087014978,0.1636161099005291
train,0.110983446,-0.0885293644311268,0.1660778270640937
train,0.10172984,-0.0744848423620875,0.21077870902270196
train,0.088879384,-0.0773024036770411,0.20181097946011836
train,0.08029429,-0.0967096756256331,0.1400415459223944
train,0.07593998,-0.1217099184460833,0.06047081380634375
train,0.07551411,-0.1183214175948653,0.07125572879471832
train,0.07686483,-0.120556944321368,0.06414049797194765
train,0.07874174,-0.1270998701598062,0.043315684273751064
train,0.08100525,-0.1427088324387581,0.0
train,0.08203569,-0.148009185582668,0.0
train,0.08108446,-0.1635706937171038,0.0
train,0.07839802,-0.1697178789931773,0.0
train,0.073373966,-0.1680593527680006,0.0
train,0.070204586,-0.1535227979983517,0.0
train,0.0687425,-0.1362105643667231,0.014318181596023678
train,0.06468483,-0.1439898724682336,0.0
train,0.06166529,-0.1472463114642076,0.0
train,0.0599467,-0.1546962907102021,0.0
train,0.058947656,-0.1586414713742321,0.0
train,0.05765405,-0.1649322693466465,0.0
train,0.056768816,-0.1750837443305636,0.0
train,0.05589187,-0.1692407479848764,0.0
train,0.05372967,-0.1577846933689623,0.0
train,0.0505457,-0.1562749587963581,0.0
train,0.048902847,-0.1593535978887668,0.0
train,0.048477072,-0.1568704486055184,0.0
train,0.0472047,-0.1599817867963122,0.0
train,0.046127517,-0.1614077337740547,0.0
train,0.04621266,-0.1618572614546006,0.0
train,0.046876464,-0.1555333721961699,0.0
train,0.048403464,-0.1461635178228738,0.0
train,0.048760816,-0.1532409943347287,0.0
train,0.04939516,-0.1504924767590901,0.0
train,0.05016277,-0.1545734845728189,0.0
train,0.05281038,-0.1493344750926552,0.0
train,0.05585505,-0.1415251710701472,0.0
train,0.05929769,-0.1275755036632955,0.04180183873379462
train,0.061630316,-0.1319940864824295,0.027738380536248886
train,0.060021885,-0.1421563762033679,0.0
train,0.056273863,-0.1570939387299736,0.0
train,0.052418698,-0.1676091244850834,0.0
train,0.052170277,-0.1746966106327942,0.0
train,0.05348202,-0.1720103992522153,0.0
train,0.055259768,-0.1700929666296788,0.0
train,0.056203485,-0.1748590467597126,0.0
train,0.057242684,-0.1753753584542455,0.0
train,0.05838757,-0.1753755863671119,0.0
train,0.058457628,-0.1752975350241474,0.0
train,0.058034975,-0.1730447889988153,0.0
train,0.056132358,-0.170939334650072,0.0
train,0.053751472,-0.1533799315106432,0.0
train,0.05059962,-0.1537280734533689,0.0
train,0.046052508,-0.1579628394604226,0.0
train,0.04342681,-0.1640380397250395,0.0
train,0.04259525,-0.166240400744596,0.0
train,0.041919783,-0.1763768921667403,0.0
train,0.041723575,-0.1819930105450265,0.0
train,0.042171877,-0.1770376387252992,0.0
train,0.04110627,-0.1706739961169514,0.0
train,0.039916396,-0.1612604034944992,0.0
train,0.03901572,-0.148227735782913,0.0
train,0.03862312,-0.1457944644641823,0.0
train,0.036915813,-0.1499569862414103,0.0
train,0.037247326,-0.1472720933778542,0.0
train,0.040276136,-0.1511425709763565,0.0
train,0.042397067,-0.1592015478061316,0.0
train,0.04458148,-0.1650053200129095,0.0
train,0.046996757,-0.1718194446812926,0.0
train,0.05034789,-0.1758324919672846,0.0
train,0.05267516,-0.1797744672251041,0.0
train,0.0560896,-0.1778217486667604,0.0
train,0.05851468,-0.172947308844183,0.0
train,0.059594683,-0.1644269684535046,0.0
train,0.061018784,-0.1471104952271045,0.0
train,0.06209886,-0.1401758622465865,0.0016974379646514908
train,0.06446595,-0.1269234483420633,0.04387719934781926
train,0.06603619,-0.114155343685782,0.08451550204476732
train,0.06768678,-0.1172108842289773,0.0747903325822754
train,0.07021484,-0.1372439897604777,0.011028996936540848
train,0.07380859,-0.15169487560911,0.0
train,0.07602638,-0.1748651976823699,0.0
train,0.07528001,-0.1678342766980202,0.0
train,0.07279089,-0.1670015725783417,0.0
train,0.06866319,-0.1655720588529647,0.0
train,0.06362521,-0.169161697655991,0.0
train,0.058341794,-0.1693796494463156,0.0
train,0.055690005,-0.17407282179551,0.0
train,0.05565617,-0.1700999572466768,0.0
train,0.054398082,-0.171841920267543,0.0
train,0.052794952,-0.1710957710026221,0.0
train,0.052546978,-0.1735682608260124,0.0
train,0.052494057,-0.1752537223134941,0.0
train,0.051821366,-0.181483006597676,0.0
train,0.04997786,-0.1795355823281611,0.0
train,0.048582137,-0.1753718288880218,0.0
train,0.047131334,-0.17092795609614,0.0
train,0.045709055,-0.1661893298751017,0.0
train,0.04531984,-0.1582856188876153,0.0
train,0.045860197,-0.1461065188701719,0.0
train,0.048446584,-0.1289345784903706,0.0374761775885197
train,0.051110204,-0.1201880936300627,0.06531447535126596
train,0.052366193,-0.1254978505213222,0.04841458976894845
train,0.05040472,-0.1279852274280936,0.04049777060275792
train,0.04581652,-0.1484288467900117,0.0
train,0.043968618,-0.1551825259518334,0.0
train,0.04461313,-0.1437670148828067,0.0
train,0.044851676,-0.1333170454510658,0.023527668886369413
train,0.04385839,-0.1349053239137329,0.018472498783173568
train,0.040980216,-0.1387211769166735,0.00632740806258087
train,0.038343146,-0.157775296101564,0.0
train,0.037690774,-0.1702795210168075,0.0
train,0.037291627,-0.1701230834423215,0.0
train,0.0361006,-0.1713129986655234,0.0
train,0.034886707,-0.1734842934753057,0.0
train,0.03443503,-0.176494619993579,0.0
train,0.034743175,-0.1796034971671402,0.0
train,0.03508962,-0.1783679448850373,0.0
train,0.035401907,-0.1619776843682787,0.0
train,0.037126716,-0.134062879816623,0.02115382848286138
train,0.040194392,-0.1246146024007949,0.05122579044788719
train,0.04441093,-0.1068548620843273,0.10775146299120772
train,0.04935399,-0.0898609819222047,0.16183955708309444
train,0.053579733,-0.1007587107360069,0.12715428357018677
train,0.05743169,-0.1052700994679274,0.11279544286463271
train,0.059658553,-0.1088232259119109,0.10148655780782845
train,0.059461076,-0.1258009504048189,0.047449883953595604
train,0.05949474,-0.1398150728822322,0.002845757765684575
train,0.05973666,-0.1529638219822444,0.0
train,0.060353883,-0.1712444803946944,0.0
train,0.06102754,-0.1743445624251302,0.0
train,0.061432734,-0.1724262565975732,0.0
train,0.062353645,-0.1714306731221489,0.0
train,0.06229015,-0.1755438024756957,0.0
train,0.10582454,-0.010715739370963,0.4137429061238978
train,0.108263396,-0.0314169921263146,0.34785499258270147
train,0.10831813,-0.0624601393151131,0.24905091428877177
train,0.11244241,-0.0655141722325482,0.239330543295093
train,0.11449414,-0.033829889930219,0.3401752253837673
train,0.1054928,-0.0307457118035243,0.3499915425003619
train,0.08799301,-0.0470640465181575,0.29805357335807875
train,0.077026546,-0.0661313792405421,0.23736609783566498
train,0.07469348,-0.1029728636073364,0.12010708141883694
train,0.074351996,-0.1192801139564211,0.06820439157716181
train,0.07598848,-0.1214133126234738,0.0614148503352856
train,0.07856528,-0.1335041045208097,0.022932297583963666
train,0.08148704,-0.1435791611407744,0.0
train,0.0825417,-0.1523205478068386,0.0
train,0.081180245,-0.1627518821114725,0.0
train,0.07798644,-0.1608578176943663,0.0
train,0.073306054,-0.1534564976272419,0.0
train,0.070665374,-0.1500893167327934,0.0
train,0.06951219,-0.1330840684663275,0.02426918765380519
train,0.06614747,-0.1410235254128286,0.0
train,0.06345454,-0.1441029736825781,0.0
train,0.06157997,-0.149227174008581,0.0
train,0.060346212,-0.1631132499216476,0.0
train,0.059358835,-0.1729303464173227,0.0
train,0.058914084,-0.1756340096242065,0.0
train,0.058469124,-0.1742083257442395,0.0
train,0.05648074,-0.1683996351611114,0.0
train,0.053992365,-0.1659382632003923,0.0
train,0.052967213,-0.1617294156624298,0.0
train,0.052280266,-0.1567467271760848,0.0
train,0.050326206,-0.1600917615573307,0.0
train,0.048965625,-0.1583802500885383,0.0
train,0.049042404,-0.1615870293315372,0.0
train,0.049474087,-0.1506227494030453,0.0
train,0.051047117,-0.1495292746021981,0.0
train,0.051407576,-0.1502210322543361,0.0
train,0.051058274,-0.1479708439900522,0.0
train,0.051324904,-0.141642015461218,0.0
train,0.05393514,-0.133197600124481,0.023907839277211268
train,0.055549625,-0.1251678544923078,0.049464900592433185
train,0.056280572,-0.1132806741978267,0.08729939866593306
train,0.057322964,-0.1118298508799967,0.09191707675809696
train,0.055857737,-0.1258111742149137,0.04741734362748352
train,0.053026233,-0.1328008991681932,0.025170458434539487
train,0.049793534,-0.147951236661387,0.0
train,0.04942252,-0.1612123614613532,0.0
train,0.04984964,-0.1551748297028561,0.0
train,0.05069496,-0.1606359737713358,0.0
train,0.05088899,-0.1723491430633089,0.0
train,0.05127285,-0.1758707420699183,0.0
train,0.05250142,-0.1636201979960669,0.0
train,0.053534202,-0.1529810413685573,0.0
train,0.05496782,-0.1363907020427165,0.013744839694370084
train,0.05460938,-0.1187911214091483,0.06976075625990648
train,0.053245753,-0.1225669917908518,0.05774292216104355
train,0.05150281,-0.1323014235267705,0.026760188692264403
train,0.049303073,-0.1483243799617857,0.0
train,0.04950521,-0.1632367234885234,0.0
train,0.050623946,-0.1689639406726885,0.0
train,0.05139686,-0.1754776799918859,0.0
train,0.05211763,-0.1818398005648933,0.0
train,0.052079994,-0.1826761015943498,0.0
train,0.04978088,-0.1750983910959179,0.0
train,0.046882007,-0.1648076180526835,0.0
train,0.04450075,-0.154977002069142,0.0
train,0.043652847,-0.1510589753480041,0.0
train,0.041594192,-0.1473452621636657,0.0
train,0.04062008,-0.140380529483294,0.001046023417123114
train,0.0425069,-0.145504215536426,0.0
train,0.04339592,-0.1512182463237112,0.0
train,0.044365518,-0.157222360368088,0.0
train,0.04533181,-0.1624446668763621,0.0
train,0.04740416,-0.1759402653572682,0.0
train,0.048886105,-0.1789805453995336,0.0
train,0.051698852,-0.1724923509266815,0.0
train,0.05370809,-0.1651477823808818,0.0
train,0.053916235,-0.1546346073287671,0.0
train,0.05429774,-0.1500181375312364,0.0
train,0.05500482,-0.1492389715341038,0.0
train,0.057875335,-0.1397693398895985,0.0029913166601263515
train,0.06011108,-0.1175938343392483,0.07357147959524518
train,0.062404778,-0.1102572547633407,0.09692233311595992
train,0.06538557,-0.1365606338694938,0.013203980952973109
train,0.069628865,-0.1548086621683016,0.0
train,0.072360836,-0.1693143321609096,0.0
train,0.07115039,-0.1659421857933953,0.0
train,0.067740425,-0.1594105515362073,0.0
train,0.06317183,-0.159836067569582,0.0
train,0.058236625,-0.1616902061412101,0.0
train,0.053121388,-0.1657785383826521,0.0
train,0.05056314,-0.1696642455322881,0.0
train,0.05146654,-0.1628318941747336,0.0
train,0.05175064,-0.169192895194872,0.0
train,0.05110916,-0.1698295140958727,0.0
train,0.05109054,-0.1749634864869744,0.0
train,0.050945353,-0.1812684390320011,0.0
train,0.050430723,-0.1786065677454012,0.0
train,0.048277304,-0.1807289836513601,0.0
train,0.046024535,-0.1728033330628941,0.0
train,0.04411234,-0.164954925416603,0.0
train,0.042615484,-0.1579861086119416,0.0
train,0.04253854,-0.150797487085628,0.0
train,0.043443203,-0.1393800624004268,0.004230308418412485
train,0.046358388,-0.1315369359771794,0.029193398419523932
train,0.04953952,-0.1388846422859585,0.005807130751554518
train,0.051840417,-0.1360646586012366,0.014782570228689977
train,0.05101592,-0.1388508661312953,0.005914633441585124
train,0.046807554,-0.149697157831818,0.0
train,0.04501392,-0.1607578335485506,0.0
train,0.045790743,-0.1397237974971943,0.003136268912468257
train,0.04625936,-0.1265815352004808,0.04496543993776918
train,0.045111865,-0.1141236735035186,0.08461630184927506
train,0.04150039,-0.1236504239854201,0.05429457593740688
train,0.038099375,-0.1575540476340858,0.0
train,0.036854357,-0.1686795677100359,0.0
train,0.036194548,-0.1684166339694847,0.0
train,0.034967855,-0.1684056129466841,0.0
train,0.03368397,-0.1695903476176983,0.0
train,0.033225954,-0.1756801323117883,0.0
train,0.033516746,-0.1770074078562677,0.0
train,0.033770848,-0.178920317729062,0.0
train,0.033958048,-0.1657352147596498,0.0
train,0.035587266,-0.1468331009640268,0.0
train,0.038320977,-0.1310851012592732,0.030631497223501766
train,0.042163778,-0.1095908632233366,0.0990433230237337
train,0.046973266,-0.0914396932685467,0.1568148371821504
train,0.051051974,-0.0937699769217185,0.14939801416756474
train,0.05428779,-0.1035859031262534,0.11815590023685277
train,0.055914953,-0.1214083883239047,0.06143052338793096
train,0.055715542,-0.1308580509158395,0.031354152686649595
train,0.05589401,-0.1408859746111587,0.0
train,0.05588369,-0.1573953551755604,0.0
train,0.056558948,-0.1668476770589586,0.0
train,0.057590827,-0.1703653462780002,0.0
train,0.058448534,-0.1739511998955055,0.0
train,0.05964928,-0.1778537861051295,0.0
train,0.059841447,-0.1788718963933399,0.0
train,0.119373456,-0.0443630894089813,0.3066501752444972
train,0.12276457,-0.0230313082410757,0.37454493358985097
train,0.12349793,-0.0330042078381583,0.3428032050010948
train,0.12991363,-0.043273653002998,0.3124734634197234
train,0.13583435,-0.0146616894600225,0.4058615416823611
train,0.13369305,-0.0172835662793264,0.39667686884950504
train,0.124634966,-0.0529940982931446,0.2794650779545564
train,0.12038832,-0.086932060430051,0.17116172363623144
train,0.1208466,-0.1220545064414194,0.05937405969622499
train,0.11980518,-0.146041405097721,0.0
train,0.11916035,-0.1626397770796602,0.0
train,0.11975045,-0.1710995107911918,0.0
train,0.12053434,-0.1747703738618125,0.0
train,0.12038394,-0.1839749687618769,0.0
train,0.11812545,-0.1800825366641015,0.0
train,0.11366669,-0.1740036099785354,0.0
train,0.10851844,-0.1599646414873887,0.0
train,0.10343128,-0.1524041368027502,0.0
train,0.09819123,-0.1347897339965201,0.018840398183347824
train,0.09121854,-0.1484879398597775,0.0
train,0.08601268,-0.1568158102663247,0.0
train,0.08331875,-0.1667560139155233,0.0
train,0.08171597,-0.1756030215192707,0.0
train,0.081272975,-0.1830047899172933,0.0
train,0.081279285,-0.1823890889753835,0.0
train,0.08132391,-0.1857173232393656,0.0
train,0.08180617,-0.1811896295132694,0.0
train,0.08278335,-0.1711670053687564,0.0
train,0.08376946,-0.1700486152501779,0.0
train,0.08431625,-0.163946265559231,0.0
train,0.084562875,-0.1614853396977823,0.0
train,0.08306641,-0.1660651169354746,0.0
train,0.07850892,-0.1657267139938232,0.0
train,0.072523,-0.1579438895869147,0.0
train,0.07023723,-0.1505702176919289,0.0
train,0.07131609,-0.1488797143116549,0.0
train,0.07269936,-0.1358866348511856,0.015349183930298304
train,0.07674371,-0.1194599368076679,0.06763205169919877
train,0.0858204,-0.1244804182332463,0.051652871597734684
train,0.08804924,-0.1049427452619675,0.1138373452980039
train,0.09091156,-0.0856592491589441,0.17521282527611998
train,0.09042963,-0.0907814551117221,0.15890987651522476
train,0.08434041,-0.0850343307810645,0.17720181447105612
train,0.07424869,-0.0981508991205665,0.1354544221309048
train,0.06244331,-0.131934136194299,0.027929190215633663
train,0.063953124,-0.1529429653281031,0.0
train,0.06699502,-0.1683370400254009,0.0
train,0.067836456,-0.1730449724490053,0.0
train,0.0667134,-0.1698403540719698,0.0
train,0.066212125,-0.1684048171759558,0.0
train,0.06705002,-0.1637973158145489,0.0
train,0.066730216,-0.1537254771146751,0.0
train,0.0667201,-0.1319026451359651,0.028029419904790402
train,0.06562067,-0.1177968811889491,0.07292522241284158
train,0.06343388,-0.1128146487233684,0.08878266378674396
train,0.0604297,-0.1238365954315489,0.053702029761997144
train,0.059606895,-0.1485049584156271,0.0
train,0.06353852,-0.1630597539867956,0.0
train,0.0682045,-0.1666150840181859,0.0
train,0.07230626,-0.1673555859716798,0.0
train,0.07753172,-0.1802079058639,0.0
train,0.0833105,-0.183838511389749,0.0
train,0.08461847,-0.1788736004000986,0.0
train,0.08271825,-0.1732319172291253,0.0
train,0.08025424,-0.1618345452891882,0.0
train,0.07904724,-0.1505590076344302,0.0
train,0.07722381,-0.1514985674367145,0.0
train,0.07448041,-0.159090653723641,0.0
train,0.072365254,-0.1604802194633245,0.0
train,0.07072478,-0.1593442285697168,0.0
train,0.06951882,-0.1651156878865972,0.0
train,0.06833681,-0.1672523816155596,0.0
train,0.06734964,-0.1773126542609257,0.0
train,0.06653588,-0.1840421944333653,0.0
train,0.06594482,-0.1857792850400995,0.0
train,0.06401092,-0.1818291948733021,0.0
train,0.062061474,-0.1782429280334089,0.0
train,0.061692543,-0.1740332982651107,0.0
train,0.0622183,-0.1684478894379065,0.0
train,0.062629625,-0.1677217236335133,0.0
train,0.06331865,-0.1688806982984186,0.0
train,0.06362377,-0.1747656372053946,0.0
train,0.06461432,-0.184662017649569,0.0
train,0.06602599,-0.1869187181762044,0.0
train,0.06594161,-0.1869624654262902,0.0
train,0.06522883,-0.1789712749452833,0.0
train,0.064344324,-0.1754690593224897,0.0
train,0.06326273,-0.1797866012532505,0.0
train,0.06205505,-0.1824734457092814,0.0
train,0.06111792,-0.1827798550488613,0.0
train,0.06129192,-0.1831277699415091,0.0
train,0.06310891,-0.1786014308271624,0.0
train,0.06511846,-0.1742576593603251,0.0
train,0.06625996,-0.1719470388051499,0.0
train,0.06691011,-0.1774740585105703,0.0
train,0.06705569,-0.1820465546905211,0.0
train,0.0667879,-0.1883678330684169,0.0
train,0.06563419,-0.1880625669036442,0.0
train,0.06442058,-0.1893454561281924,0.0
train,0.063499704,-0.1870061255732293,0.0
train,0.06256934,-0.1863760445664893,0.0
train,0.06202404,-0.183933510404441,0.0
train,0.061918028,-0.1848999058448567,0.0
train,0.062195275,-0.1872940755818798,0.0
train,0.06243893,-0.1860756141104295,0.0
train,0.06233543,-0.1860230990714838,0.0
train,0.062217336,-0.1862753001776895,0.0
train,0.061890226,-0.1875943053924225,0.0
train,0.062075164,-0.1849983848586067,0.0
train,0.06262616,-0.1822494462886529,0.0
train,0.06301151,-0.1809753190288645,0.0
train,0.06235556,-0.1738882501996797,0.0
train,0.056060687,-0.165816901806337,0.0
train,0.04872993,-0.1515556323570528,0.0
train,0.041713435,-0.1451963381556865,0.0
train,0.03498888,-0.1450660448845694,0.0
train,0.028579874,-0.1410184848122162,0.0
train,0.024520585,-0.1422934817817034,0.0
train,0.027711809,-0.1331491732877047,0.02406197213440108
train,0.03276584,-0.1254256067822882,0.04864452702383919
train,0.03443338,-0.1287597985855072,0.03803246678495013
train,0.03301488,-0.1455808775689344,0.0
train,0.03270389,-0.1538033387865358,0.0
train,0.033609033,-0.1566015104833472,0.0
train,0.03510343,-0.1439353119148664,0.0
train,0.03622254,-0.1312606508255633,0.03007275834993644
train,0.037197642,-0.1260502113573817,0.04665653659989939
train,0.03829958,-0.1279822738597094,0.04050717121539891
train,0.038564987,-0.1326939902008307,0.02551072812167418
train,0.03829547,-0.1443785351653024,0.0
train,0.039009128,-0.15105200017324,0.0
train,0.03967423,-0.1655223789070478,0.0
train,0.04045884,-0.1667366299161128,0.0
train,0.041519072,-0.1725940269485474,0.0
train,0.042211685,-0.1602198147703529,0.0
train,0.046446476,-0.1224790816656802,0.05802272236420782
train,0.051607113,-0.1003234266248869,0.12853970512985138
train,0.12612669,0.0011133354423039,0.45226314900506415
train,0.12855381,0.0098029232173262,0.48087221427219673
train,0.12303906,-0.0031560559670504,0.437803854144884
train,0.12565966,-0.0329900639048498,0.3435357469313956
train,0.13105202,-0.0285501946774424,0.35978171240837314
train,0.12956092,-0.0346971401993708,0.3396324498200103
train,0.12009687,-0.0652742336771595,0.24009421933825248
train,0.112251244,-0.1038882988452546,0.11719343563510887
train,0.110216945,-0.1331813898274693,0.023959433384128714
train,0.1077239,-0.1416937375504632,0.0
train,0.10696647,-0.1521361518141886,0.0
train,0.10641073,-0.1495168057465472,0.0
train,0.104657345,-0.1557532683615833,0.0
train,0.10357614,-0.1565441933570515,0.0
train,0.10419041,-0.161059337506836,0.0
train,0.10598482,-0.1617290340257131,0.0
train,0.1097832,-0.1504918705363693,0.0
train,0.11604045,-0.1505337685839237,0.0
train,0.123187885,-0.1396415250053225,0.003398125665551269
train,0.12682432,-0.1454689132070582,0.0011442769383614255
train,0.12477798,-0.1524197880880686,0.00034175045570126187
train,0.11991923,-0.1516023737084337,0.0
train,0.11348018,-0.1594919425058268,0.0
train,0.10717589,-0.1644902505646666,0.0
train,0.100777656,-0.1671573821119301,0.0
train,0.09485062,-0.1792421298262799,0.0
train,0.093244925,-0.1832356663368022,0.0
train,0.09392385,-0.1768563927363166,0.0
train,0.0942254,-0.1748283332699988,0.0
train,0.09346556,-0.163253926069529,0.0
train,0.092316106,-0.1631620651575568,0.0
train,0.089591555,-0.1677066039051515,0.0
train,0.084129624,-0.1626610828222285,0.0
train,0.07827623,-0.1554442807869882,0.0
train,0.076639645,-0.1529711788377261,0.0
train,0.07746598,-0.1457419093852238,0.0
train,0.08044742,-0.1371626674732566,0.011287829379809827
train,0.0877215,-0.135764804802242,0.015736944411578344
train,0.099802576,-0.1296660452017278,0.035148066531390174
train,0.10425545,-0.127440565347037,0.04223132018692734
train,0.10524022,-0.1062662423356182,0.10962492096836132
train,0.10590877,-0.1113209099647986,0.0935369330737724
train,0.10337258,-0.1261893116435643,0.04621380843567339
train,0.096237935,-0.1310754167943389,0.03066232092271575
train,0.087180294,-0.1504619898970287,0.0
train,0.08778025,-0.1734076059545674,0.0
train,0.08944551,-0.1790094801483451,0.0
train,0.08877095,-0.1752460407793429,0.0
train,0.08654562,-0.1811147069074075,0.0
train,0.08552267,-0.1758815482127778,0.0
train,0.086089276,-0.1696886205339863,0.0
train,0.08562156,-0.1574823585794982,0.0
train,0.08556658,-0.1354341085291365,0.01678948397081533
train,0.08399281,-0.1259775801795601,0.04688770699433208
train,0.08035474,-0.116441042897244,0.07724058231861419
train,0.07547935,-0.110171881513375,0.09719405895685217
train,0.073018216,-0.1229446002762569,0.05654107048893346
train,0.07491307,-0.1196123203021516,0.06714704576123433
train,0.07676712,-0.1316745428079023,0.02875542362290174
train,0.07839885,-0.1445795798667365,0.0
train,0.08213971,-0.1473816624593236,0.0
train,0.08636335,-0.1566105417840155,0.0
train,0.08559412,-0.1598959385587507,0.0
train,0.0819818,-0.1607868704100851,0.0
train,0.079274714,-0.1572849605604858,0.0
train,0.07766935,-0.153487275446375,0.0
train,0.07587429,-0.1456024346715043,0.0
train,0.074725986,-0.1460397583349598,0.0
train,0.07972428,-0.1255095974570904,0.04837720164092472
train,0.08449949,-0.1378299860176069,0.009163889004113286
train,0.084723406,-0.1443420959624344,0.0
train,0.08819021,-0.15058967528849,0.0
train,0.0906273,-0.1447986418483574,0.0
train,0.0900956,-0.1245138147192301,0.051546577316558324
train,0.082009174,-0.1292006281788687,0.03662939507344248
train,0.07026309,-0.1602865544334009,0.0
train,0.067157894,-0.1639904629623217,0.0
train,0.06495905,-0.1723325727508496,0.0
train,0.06460189,-0.1706593781554556,0.0
train,0.06539191,-0.1731158956319911,0.0
train,0.06575646,-0.1776851920720453,0.0
train,0.066093646,-0.1780890607501131,0.0
train,0.067716934,-0.1824503015526993,0.0
train,0.06898172,-0.1840852922535916,0.0
train,0.06911421,-0.1852049272073365,0.0
train,0.06826457,-0.1855999281940658,0.0
train,0.06709153,-0.1814176605978932,0.0
train,0.06590264,-0.1726282469582485,0.0
train,0.06457865,-0.1756716039005281,0.0
train,0.063278995,-0.1724906540969809,0.0
train,0.06260477,-0.173940733794384,0.0
train,0.06378901,-0.163405119832623,0.0
train,0.06740412,-0.1405509528715544,0.0005036001346386242
train,0.07129041,-0.1324147575347675,0.026399469396266532
train,0.07393606,-0.13860804552708,0.006687482465054118
train,0.07529292,-0.1585091092877653,0.0
train,0.075724475,-0.174430917933098,0.0
train,0.07461894,-0.1787915479719188,0.0
train,0.07217397,-0.1779724423499271,0.0
train,0.07002845,-0.1640044956337759,0.0
train,0.06976782,-0.1274728461131338,0.04212857701718942
train,0.07262347,-0.1089271070031041,0.10115592524003214
train,0.07399187,-0.1072872779344589,0.10637517052794372
train,0.07243297,-0.1167580512366452,0.07623160869246949
train,0.06736807,-0.1366812317731474,0.012820142141714522
train,0.06354512,-0.1643148005380333,0.0
train,0.06284351,-0.1799360968066324,0.0
train,0.06158627,-0.1861110828050327,0.0
train,0.061028745,-0.1859845281440824,0.0
train,0.060678065,-0.1851170344658062,0.0
train,0.060211215,-0.1868017639034117,0.0
train,0.05920209,-0.1876314510376719,0.0
train,0.05323065,-0.1742590732676834,0.0
train,0.046738543,-0.1568128399445522,0.0
train,0.04141628,-0.1476015281441971,0.0
train,0.036481563,-0.1450119739445981,0.0
train,0.03139277,-0.14355617110882,0.0
train,0.028135147,-0.1468080790126532,0.0
train,0.031095644,-0.1439448108774682,0.0
train,0.03591683,-0.1352833814828795,0.017269217768062686
train,0.036941838,-0.1343364546339566,0.020283094999987206
train,0.03466177,-0.14623113613372,0.0
train,0.03399425,-0.1455300096351887,0.0
train,0.033935003,-0.1419853555174151,0.0
train,0.03444369,-0.1187218265590865,0.06998130779578111
train,0.035022605,-0.1072612545380445,0.10645799775165156
train,0.03615825,-0.1160757561336348,0.07840321643466808
train,0.03903709,-0.1004211761629829,0.12822858805926268
train,0.04041092,-0.1111288239780199,0.09414830403952605
train,0.041494172,-0.1171285215455938,0.07505247639675491
train,0.04341926,-0.1357416881508299,0.01581052005202886
train,0.043499187,-0.1531199157015196,0.0
train,0.043413807,-0.1678511232320273,0.0
train,0.04434715,-0.1637519089341046,0.0
train,0.044679575,-0.1466593104854888,0.0
train,0.04801403,-0.097833784901642,0.13646373275022372
train,0.05267141,-0.0789468275464666,0.1965771098477695
train,0.053611897,-0.107432402887009,0.10591326706541922
train,0.050355956,-0.1356092942232117,0.016231903229142773
train,0.044084124,-0.1507358171921184,0.0
train,0.1046993,-0.0766117302907544,0.20400925358867797
train,0.10204029,-0.0835945291360001,0.18178441280109925
train,0.098138094,-0.0904320873143991,0.1600218437713197
train,0.10607124,-0.0951897301465117,0.14487922591689587
train,0.114481874,-0.0737838841181758,0.21300971777935335
train,0.11837966,-0.086525192021567,0.17245670374384395
train,0.11672819,-0.1119707008780015,0.09146877961393408
train,0.11465965,-0.1278240984547953,0.04101061163644438
train,0.115883216,-0.1514167573570681,0.0
train,0.1151813,-0.1460036565502414,0.0
train,0.11532031,-0.1440871430292411,0.0
train,0.11596884,-0.1441264715793155,0.0
train,0.11615413,-0.1425966042146341,0.0
train,0.11771587,-0.1475194528423377,0.0
train,0.12143101,-0.1451877954521148,0.0
train,0.12662601,-0.1461578106356701,0.0010665044143545054
train,0.1335345,-0.1381016606638132,0.012075055305490148
train,0.14262682,-0.123277873868151,0.06282197410590099
train,0.15183136,-0.1247168467603004,0.06185181791697506
train,0.15670413,-0.1383668797104248,0.02031750122352937
train,0.15525597,-0.1384188083840166,0.01958428838885192
train,0.1498205,-0.1376182335501732,0.020000693002358343
train,0.1421917,-0.1455684061261044,0.007171002418536858
train,0.13399889,-0.155262015142441,0.003957974772885094
train,0.12545064,-0.1570408018056917,0.0006055519079653977
train,0.1170538,-0.172375429261415,0.0
train,0.112880975,-0.1776333163121249,0.0
train,0.11133453,-0.1747252042378276,0.0
train,0.109923325,-0.1670985123690586,0.0
train,0.107726306,-0.1565017130640059,0.0
train,0.10568512,-0.1628968318603336,0.0
train,0.10212612,-0.1644061328103406,0.0
train,0.09559548,-0.1634194341688071,0.0
train,0.08879619,-0.160194601660423,0.0
train,0.086735144,-0.1521140202992489,0.0
train,0.08766573,-0.1519437977591765,0.0
train,0.09155681,-0.1292833750595333,0.03636602843648266
train,0.099834524,-0.1220060596855386,0.05952825595190812
train,0.11301979,-0.107584605191145,0.10542883781979828
train,0.11719856,-0.1157284014845661,0.07950877624577923
train,0.11627482,-0.0973628632894317,0.13796258129029443
train,0.116702944,-0.1089108052665409,0.10120781038060507
train,0.114968404,-0.1184205390967152,0.07094024504012905
train,0.10893491,-0.1330289509320007,0.024444615652257567
train,0.10081661,-0.1514029062641046,0.0
train,0.10190841,-0.1774415681212672,0.0
train,0.10334693,-0.1766750975247396,0.0
train,0.10228359,-0.1732057620093692,0.0
train,0.09972921,-0.1724899262606823,0.0
train,0.09822051,-0.1768346354517312,0.0
train,0.09813639,-0.1694816132926779,0.0
train,0.09668101,-0.1580103417711825,0.0
train,0.09583384,-0.1364639984564717,0.013511551988091838
train,0.09382204,-0.1231736997997874,0.05581189289871226
train,0.08973924,-0.1112328376900458,0.0938172493663595
train,0.084000066,-0.1056402729277039,0.11161725537997944
train,0.08036124,-0.1145308823104079,0.08332023832217283
train,0.08156987,-0.1210114276799484,0.06269396907874739
train,0.0833939,-0.1326152276136949,0.02576141355568216
train,0.08492688,-0.1417933415364972,0.0
train,0.08883677,-0.1512604721200873,0.0
train,0.09350982,-0.1708162037263143,0.0
train,0.09268914,-0.1637731253658054,0.0
train,0.08936464,-0.1579488254156059,0.0
train,0.086930476,-0.1506138247648557,0.0
train,0.08527586,-0.1439584580360134,0.0
train,0.083257504,-0.1437621132860452,0.0
train,0.081893906,-0.1434656728682442,0.0
train,0.08709754,-0.1177563985436585,0.07305407051031414
train,0.09240974,-0.1309945122777826,0.030919823686193438
train,0.09303784,-0.133164316682637,0.02401377376168367
train,0.09648946,-0.1422440683415859,0.0
train,0.099109046,-0.1262419157988914,0.04604638001580622
train,0.098207004,-0.1137314250078226,0.08586474972228608
train,0.08986589,-0.1221329158886424,0.059124498235356045
train,0.07845385,-0.1498520225511636,0.0
train,0.07488681,-0.160374726219185,0.0
train,0.07258147,-0.1579554398867697,0.0
train,0.07260343,-0.1554451527443511,0.0
train,0.07326197,-0.1642187063104946,0.0
train,0.07342067,-0.168323690083392,0.0
train,0.07337614,-0.1759750071826675,0.0
train,0.07475583,-0.181431041436728,0.0
train,0.07520369,-0.1813543639882945,0.0
train,0.074647136,-0.1875583326263885,0.0
train,0.07410003,-0.1880605471453155,0.0
train,0.073888436,-0.1832122737629939,0.0
train,0.07288402,-0.1797245446881352,0.0
train,0.07152282,-0.1769115404508824,0.0
train,0.07036621,-0.1751872571491806,0.0
train,0.06959623,-0.1759907265745806,0.0
train,0.07017597,-0.1626284397127907,0.0
train,0.07287932,-0.1394849054698417,0.0038966140678994444
train,0.07634408,-0.1324189992033821,0.026385969020310943
train,0.079155736,-0.1328394319134482,0.02504781647572323
train,0.08038401,-0.1439899344876925,0.0
train,0.08064787,-0.1689398090480838,0.0
train,0.07952171,-0.1789766937034299,0.0
train,0.07713497,-0.1791420486067269,0.0
train,0.07497867,-0.1645388558637091,0.0
train,0.075001016,-0.1385855182053378,0.006759182387991477
train,0.07831929,-0.113274894870866,0.08731779309836729
train,0.079100475,-0.1196057757146633,0.06716787586362902
train,0.07764591,-0.127224847673739,0.04291790604603148
train,0.07381571,-0.1480021630179938,0.0
train,0.0706622,-0.1693109708478239,0.0
train,0.06978335,-0.1787305921722081,0.0
train,0.06811954,-0.1865445443754863,0.0
train,0.0675334,-0.1887889204480426,0.0
train,0.067490295,-0.1830936904640445,0.0
train,0.0660666,-0.1814557530710261,0.0
train,0.06332796,-0.1815646522186537,0.0
train,0.05649111,-0.1698163459460906,0.0
train,0.049650893,-0.1562050243530142,0.0
train,0.043749332,-0.1543788327964833,0.0
train,0.038055114,-0.1517724843073471,0.0
train,0.03299792,-0.1513430185831215,0.0
train,0.030758576,-0.1383174167359074,0.0076124953080770295
train,0.034818012,-0.1365200117610182,0.013333272933643699
train,0.039882094,-0.117636301183925,0.07343631619119939
train,0.04070247,-0.1196059408892915,0.06716735014609151
train,0.039077155,-0.1385986925563176,0.006717251085157913
train,0.039414484,-0.1563873759106962,0.0
train,0.0401324,-0.1664811820915619,0.0
train,0.03934849,-0.1674863739499274,0.0
train,0.038038366,-0.1718859512343944,0.0
train,0.038496774,-0.1691646017353894,0.0
train,0.04140553,-0.1632149004122242,0.0
train,0.043336645,-0.166877936235037,0.0
train,0.04423698,-0.1754753041339348,0.0
train,0.046116773,-0.1740272998818435,0.0
train,0.046722107,-0.1812299982732559,0.0
train,0.046834793,-0.1768456778293931,0.0
train,0.046680264,-0.1551342588702956,0.0
train,0.044290386,-0.1254358929009542,0.048611788382108244
train,0.047396228,-0.0751795293077983,0.2085676605437466
train,0.0524161,-0.0530023809600284,0.2791530521718162
train,0.051923916,-0.0757714924517141,0.20668356121377648
train,0.046822503,-0.1131957689256354,0.0875696350279274
train,0.03872721,-0.1403720556843827,0.001072993810491579
train,0.036979727,-0.1488919304728139,0.0
train,0.03885935,-0.1509955238323544,0.0
train,0.13528143,-0.0264621208364141,0.36808630568724626
train,0.13810623,-0.0417190586511317,0.32063436907852827
train,0.14117408,-0.0609018411956342,0.2607825787613611
train,0.15148745,-0.0304623071797142,0.36171013950111935
train,0.16058391,-0.0058917438057122,0.44348070652541166
train,0.16649316,0.0216019136397698,0.5333049436984149
train,0.1660763,0.0206656108234872,0.5301613979196602
train,0.16106027,-3.443305491657167e-05,0.46231016284277704
train,0.1565504,-0.0473255635448234,0.3100233646867307
train,0.1556917,-0.091026586620929,0.17059505767167404
train,0.15989876,-0.1221094074333163,0.07331461634793833
train,0.1631723,-0.1358746739600069,0.030786353972169923
train,0.16376296,-0.1335782705067053,0.038326986120126215
train,0.16420613,-0.1207610107277361,0.07929554052610376
train,0.16612503,-0.1035507232347293,0.13482496302616365
train,0.17013246,-0.0896127642230141,0.18075829617725392
train,0.17605168,-0.0857284612048774,0.19544262854542743
train,0.18350475,-0.0811237817372485,0.21302131384558798
train,0.1915099,-0.083448395805276,0.2087619677788551
train,0.19623797,-0.097174476397023,0.16692885883433506
train,0.19463938,-0.0986741560900476,0.16152875130119304
train,0.18786785,-0.0912841161592828,0.18239412333893873
train,0.17880964,-0.1052117943851643,0.13451271457520605
train,0.170322,-0.1082681226773896,0.12145638481983073
train,0.16205366,-0.1138996269169303,0.10028979356405684
train,0.15424538,-0.1322202552221018,0.03891670363248133
train,0.14994688,-0.1350418928877744,0.028250229132541764
train,0.1480236,-0.1282363404803971,0.049156665005312565
train,0.14604157,-0.1249448564935494,0.05885548926463689
train,0.14375144,-0.1228631697006497,0.0645829434029745
train,0.14168853,-0.1175237467150552,0.08076822533454987
train,0.1373461,-0.1241798611586205,0.05788015607929109
train,0.13026299,-0.1263090265826075,0.04832562246609634
train,0.12295931,-0.1275466759958767,0.041893591386686274
train,0.12026523,-0.1169579085348218,0.0755955032094604
train,0.12091594,-0.1238993838194567,0.05350218698326528
train,0.12462303,-0.0981559255630724,0.13571940668312207
train,0.13254987,-0.0972091648311996,0.14184147565684307
train,0.14514865,-0.0983052007239632,0.14329395999340347
train,0.14958818,-0.0920925416916176,0.164808680427626
train,0.15026881,-0.0712685691274576,0.23135411347541165
train,0.1503459,-0.0871760664135419,0.1807539899186128
train,0.14714104,-0.0884214243505756,0.17553339589085326
train,0.13992077,-0.099144920976314,0.13857104800113682
train,0.13062967,-0.1046194068161496,0.117503112203154
train,0.13057892,-0.1264482667412725,0.048006349441257624
train,0.13073367,-0.1294381069899181,0.03855098008437654
train,0.12866487,-0.1294201512106633,0.037796794942223585
train,0.12565209,-0.1354667488061826,0.017370152416432458
train,0.12392296,-0.1443763106179921,6.431694789539628e-06
train,0.12390656,-0.1355217798091307,0.016510443963692615
train,0.12263444,-0.1242791303159721,0.052293530452876776
train,0.12227236,-0.091945867298318,0.1552037873049033
train,0.120754376,-0.0780390910147523,0.19946625220193528
train,0.11769336,-0.0710255805665937,0.22178884182922678
train,0.11338565,-0.0625252292078245,0.24884374628430087
train,0.11133734,-0.0840082597191252,0.18046759177521962
train,0.11350009,-0.0845913492590397,0.17861173533760713
train,0.115534216,-0.0889585436829448,0.16471183604066883
train,0.117195874,-0.0953481162477257,0.14437511489201033
train,0.12097248,-0.1048662819986984,0.11408071244775526
train,0.1253616,-0.1260094922996168,0.047356769661986306
train,0.12377318,-0.115335839868302,0.08075822071842427
train,0.11953587,-0.1025961021903315,0.12130623704302305
train,0.11632906,-0.0994650576186803,0.13127172060426573
train,0.11352709,-0.0985951004636164,0.1340406188199825
train,0.11006716,-0.0992259704611597,0.13203268681967775
train,0.10890677,-0.0954343871118408,0.14410053212626583
train,0.11478472,-0.0790697124931043,0.19618599183982743
train,0.1200188,-0.0743475424620359,0.21121570692088354
train,0.12065535,-0.0904440896928706,0.15998364262067608
train,0.123595186,-0.0871584704542383,0.1704411061801378
train,0.12528843,-0.0864832537042736,0.17313212190782098
train,0.12348791,-0.0802467394364858,0.19243975240216193
train,0.11498298,-0.0826806873185801,0.1846929870486618
train,0.10379552,-0.1128170610429458,0.0887749858599234
train,0.09974638,-0.1164131408010409,0.07732938906494856
train,0.09710873,-0.1234541339847863,0.05491932743160898
train,0.09790453,-0.1252995587019493,0.049045712648571764
train,0.09926334,-0.1265515717587825,0.045060807531187054
train,0.10031748,-0.1229580163690021,0.05649836977080286
train,0.10177725,-0.1182249539560875,0.07156275310705217
train,0.104621254,-0.1223825617333268,0.05832992584764235
train,0.106721215,-0.1314695843865615,0.029407764952406625
train,0.108107045,-0.1436956503635544,0.0
train,0.10947948,-0.1504624438980566,0.0
train,0.11076346,-0.1479250908070142,0.0
train,0.11046478,-0.1514950579868095,0.0
train,0.109187074,-0.1512203135894595,0.0
train,0.107904844,-0.1447461363813325,0.0
train,0.10722318,-0.1385512845538018,0.00686814119832335
train,0.10785526,-0.1248608374017749,0.05044207408795859
train,0.11063987,-0.1184058465902218,0.07098700832585775
train,0.11495715,-0.1165431333119702,0.07691564911295945
train,0.11896571,-0.1225578466341542,0.05777202935088048
train,0.12149113,-0.1304255543638309,0.032730702007716175
train,0.122154504,-0.145204131876921,0.0
train,0.12081202,-0.147364996918393,0.0
train,0.11834041,-0.1439962195203538,0.0
train,0.11506078,-0.1259727827882619,0.046902976123539566
train,0.11377716,-0.0974687364880431,0.13762560824625317
train,0.11592448,-0.0786798336872411,0.19742689746789951
train,0.11585077,-0.0669569152607311,0.2347385831356527
train,0.1147522,-0.0800490055244264,0.1930690995752969
train,0.11177659,-0.1106033068327806,0.09582091915316897
train,0.11012303,-0.1310964673680687,0.0305953211909462
train,0.110768765,-0.139120958212209,0.005054984806513865
train,0.110398434,-0.1486153675252213,0.0
train,0.1108658,-0.1545396555329315,0.0
train,0.111388475,-0.1486093826183542,0.0
train,0.10994056,-0.1405388983574616,0.000541967222452712
train,0.10629425,-0.1418372417888185,0.0
train,0.097983375,-0.1382880617495615,0.0077059263107906225
train,0.08939776,-0.1212039288007344,0.06208127682515164
train,0.08197983,-0.1286761547864119,0.038298688132429905
train,0.07491025,-0.1251101756475106,0.049648480725677645
train,0.068779916,-0.1192464777892769,0.068311448715145
train,0.066242784,-0.1125483983416165,0.08963008506798231
train,0.07007718,-0.0955841284602336,0.1436239356065747
train,0.07535732,-0.0843860585961022,0.17926513412512468
train,0.07712824,-0.0886034440107119,0.16584204669888808
train,0.076728135,-0.1074829230748615,0.10575247149383481
train,0.07818533,-0.1191421567847663,0.06864348143833117
train,0.079497725,-0.1264295492341848,0.045449180623665396
train,0.079396114,-0.1357283058039509,0.015853113363871504
train,0.078865126,-0.1411227416212657,0.0
train,0.079807825,-0.1379613346899041,0.008745832663932078
train,0.08341957,-0.1258047519678206,0.047437784345067686
train,0.08586938,-0.1353586672448266,0.017029598367600506
train,0.087310135,-0.1421646192958036,0.0
train,0.08984238,-0.1437609128298739,0.0
train,0.09077468,-0.1473970145934658,0.0
train,0.089895636,-0.1299664627795835,0.03419189795406119
train,0.087711535,-0.1020629094236922,0.123003282111952
train,0.08285502,-0.0731265778762167,0.21510179101531215
train,0.08364028,-0.0239690679750232,0.3715602334365341
train,0.08595488,-0.0100316223520838,0.4159203126569552
train,0.08268653,-0.0407372474017249,0.318190499277611
train,0.07665739,-0.0625325770418255,0.2488203596102143
train,0.06834161,-0.0938802916724194,0.14904690455876965
train,0.06628608,-0.100914544436512,0.12665829632211884
train,0.06762847,-0.1118582725150704,0.09182661642429173
train,0.22521369,0.0597117326265853,0.6776296260895454
train,0.22365159,0.0669780107198801,0.6891176579105783
train,0.22214238,0.0628040497113926,0.6862673522270489
train,0.22283605,0.0470996250165535,0.6365553759762952
train,0.21585661,0.0673712024437783,0.6860606498465194
train,0.20814236,0.0410057750670156,0.6113973601995072
train,0.20572178,0.0220389962517261,0.5500806328684178
train,0.20096543,-9.557612293709106e-05,0.47776542322743765
train,0.19777195,-0.0289162892606866,0.3847824965640484
train,0.19696692,-0.0943398210754012,0.17623687224159063
train,0.20102617,-0.1238494812508771,0.08390551641969374
train,0.20453724,-0.1253993708645668,0.08034948946690973
train,0.20480204,-0.1210360774080095,0.09434082111158967
train,0.20313305,-0.1068071698358439,0.1389740262731051
train,0.19953208,-0.0970132857980474,0.16873376857861286
train,0.19994067,-0.0895864947511091,0.1925319864231998
train,0.20420745,-0.0934999421619879,0.18174960327601436
train,0.20906761,-0.089373416196517,0.1967895439899796
train,0.21443735,-0.1008856570259374,0.16225428853615603
train,0.21857521,-0.125362742553243,0.08597143210045863
train,0.21670935,-0.131618768209426,0.06532801736904333
train,0.21034652,-0.1257945265302141,0.08137005182317389
train,0.2020012,-0.1180790456265462,0.10265403338711107
train,0.19354065,-0.1199069516016647,0.09351814824285372
train,0.18440758,-0.1237204051359738,0.07779891901470329
train,0.17586726,-0.136166813470874,0.0348351979401243
train,0.17237292,-0.1368051996188907,0.031432945476943724
train,0.1752472,-0.1276607436162862,0.06166513024661641
train,0.18070759,-0.1198089127683814,0.08879736137828767
train,0.18267578,-0.1293983793389166,0.059047900689981433
train,0.18420707,-0.1359231509919816,0.03888140407379463
train,0.18321115,-0.1407474853396739,0.02325786722553596
train,0.1779967,-0.1382531824064017,0.02902982264221681
train,0.16753644,-0.1280834620944107,0.05729572360492111
train,0.15672792,-0.1318711256044487,0.04100150668771243
train,0.15339035,-0.1330046289183526,0.03608487762735693
train,0.153943,-0.1263193330518061,0.05757956276816539
train,0.15863134,-0.1128980361286632,0.10213550157402942
train,0.16755192,-0.1143998697885055,0.1008539097938877
train,0.16920762,-0.1221848708818127,0.07672514764839185
train,0.16878188,-0.1058626838478488,0.12850841271833371
train,0.16712342,-0.0935701009463302,0.16698281649163305
train,0.16323125,-0.0873742903303567,0.18517641477233565
train,0.15679982,-0.0874065985403708,0.18255132847241748
train,0.15037984,-0.1092074337383771,0.11064590036362103
train,0.152869,-0.1169640908352521,0.08693421487911128
train,0.15557234,-0.1242700631048259,0.06474096469388063
train,0.15583715,-0.1270688800068785,0.05593674708016355
train,0.15527841,-0.1280187181786453,0.05269447899056732
train,0.15521948,-0.1369942683186612,0.02410400166695619
train,0.1543609,-0.1368127975940976,0.024344871484134292
train,0.15407914,-0.1195209528041733,0.07927082725401825
train,0.15340236,-0.1019103495177032,0.13505640948175987
train,0.1528385,-0.1013852169176196,0.13650666801790104
train,0.15268241,-0.0984032634748309,0.14593640974542527
train,0.15139054,-0.1065850426290169,0.11938881531406363
train,0.15302725,-0.1055138424190545,0.12344010881525716
train,0.15622762,-0.1010512830709399,0.1388986453798841
train,0.15874355,-0.1064791046483274,0.12260967235764346
train,0.16017921,-0.1100090064524959,0.11193773877718485
train,0.16157126,-0.1132600577342977,0.102136227367315
train,0.16335459,-0.1407777822070129,0.015470590793207731
train,0.1625815,-0.1406072993223521,0.01549166379673278
train,0.15963471,-0.1413079215941474,0.014011741231395968
train,0.15716885,-0.1416593211590933,0.013044688858607278
train,0.15471452,-0.1449156392212586,0.012082158280996846
train,0.15254357,-0.1386126847479345,0.017903479443708615
train,0.15167867,-0.1097121545882623,0.1095488462834537
train,0.15529343,-0.0778501332164497,0.2123768599598065
train,0.15993659,-0.0756870494080635,0.22108245787222952
train,0.16127662,-0.0876010840765619,0.18368801603164334
train,0.16412336,-0.0828102982669701,0.20005254586329874
train,0.16401201,-0.0737941858816454,0.2287053448188027
train,0.16045398,-0.0784811226657027,0.2123923942655117
train,0.15076634,-0.0812014879594016,0.19993475518059314
train,0.13742858,-0.0862112162686184,0.1787590438915763
train,0.1304032,-0.0895654851431835,0.16532789336195403
train,0.12628627,-0.1096726856065454,0.09971616524208789
train,0.12750928,-0.1185747870185595,0.07186220716751673
train,0.12865692,-0.1175262385376165,0.07564960301598644
train,0.12824279,-0.1087019089701545,0.10357325272709925
train,0.12840605,-0.1121383625701526,0.09269974054531359
train,0.12952206,-0.1157659498192527,0.08159153466796623
train,0.12987477,-0.1181204656012664,0.07423591025057531
train,0.12977606,-0.1278656417535613,0.04318026772740403
train,0.13092102,-0.1382485903311802,0.010582462330162138
train,0.13263938,-0.1413917848768808,0.0034248068836578247
train,0.13232115,-0.1442464909776893,0.0033000045523849443
train,0.13145776,-0.1435672976026855,0.00296140327407149
train,0.13075969,-0.1332743377640675,0.026351235459612668
train,0.1298838,-0.1401313058973222,0.004183384972435074
train,0.12937051,-0.1269460290683932,0.0459481622991707
train,0.13112187,-0.1137915564178428,0.08850303867405034
train,0.13552076,-0.1064595514583151,0.11356447344812885
train,0.14062358,-0.1125626082134041,0.09614088049844252
train,0.14564383,-0.1248361833191274,0.059045389781419336
train,0.14937593,-0.1388158351667582,0.016014618616600064
train,0.14922306,-0.1435630861831942,0.009928536654840394
train,0.14584008,-0.1371002793879535,0.020088209435835936
train,0.14125338,-0.121550014762231,0.06778277034499029
train,0.13856925,-0.0899276158882814,0.16737783721867827
train,0.13812558,-0.0747532978126002,0.21550063511356787
train,0.13550287,-0.0815209658435827,0.19293194707248715
train,0.13370694,-0.0890482486773006,0.1682698019711254
train,0.1325794,-0.0992672995751059,0.13530242871964193
train,0.13360484,-0.1179821172385873,0.07613909103436402
train,0.13568424,-0.1342729735365938,0.02510407198988206
train,0.13578333,-0.1487881379391446,0.004657790227168402
train,0.13647813,-0.1524682336172444,0.004930274467398413
train,0.13734172,-0.1452973866943857,0.00526895418101418
train,0.13513412,-0.1274318849124599,0.046662133574056526
train,0.1307665,-0.1167383215564433,0.07898471162516296
train,0.124269724,-0.1004581800646791,0.12825323649187761
train,0.12104315,-0.0865200531095339,0.17247305986469005
train,0.12235978,-0.0797442646023128,0.19403902848568583
train,0.12393173,-0.068782679952094,0.22893741333349593
train,0.12343327,-0.0873484212076416,0.16983653123169243
train,0.122608714,-0.0929439105962197,0.152027216722453
train,0.12530169,-0.0917669215721127,0.1563204726872823
train,0.12888926,-0.0665562963510005,0.2379677702529517
train,0.12768394,-0.0685477713782458,0.231156608588034
train,0.12364382,-0.086042655431162,0.17399252041758842
train,0.12344432,-0.1085162411669696,0.10246362835385758
train,0.12628996,-0.1168934117772106,0.07673549688214647
train,0.12828347,-0.1178068865790121,0.0746098985688511
train,0.12787512,-0.1299058220042236,0.0359412813317806
val,0.1263165,-0.1399234011549082,0.003446092578172945
val,0.12729698,-0.1325112763575296,0.02742191253275148
val,0.12800734,-0.13174272666466,0.03014663774976921
val,0.12730879,-0.130924430400377,0.03247715486433129
val,0.12892058,-0.1362500557743429,0.016158869280673234
val,0.13034603,-0.14408487170055,0.0025254088808778904
val,0.13017775,-0.1226606684641554,0.05990418161539324
val,0.1292495,-0.0884996087967507,0.16826790881936507
val,0.12485438,-0.0496483773458243,0.2901998821516135
val,0.12416422,-0.0042401330979421,0.4344545034189358
val,0.12463091,0.0132390561730532,0.49027026340800745
val,0.12036189,-0.0178514764815289,0.3910312936746402
val,0.113506466,-0.0454403821774477,0.30322136957625473
val,0.104078956,-0.0862884522736469,0.1732101986278041
val,0.10053286,-0.1097683636638975,0.0984783749107178
val,0.10274063,-0.1093777970444753,0.09972146971066485
val,0.10344624,-0.1113639377535999,0.09339998429768073
val,0.10690999,-0.1106445066860534,0.09568978832729923
val,0.11382193,-0.1037574806821668,0.11760980347144283
val,0.12078699,-0.1137052937815939,0.08594792014655118
val,0.12680303,-0.1094003349411949,0.10078566363013705
val,0.1297765,-0.117549655829046,0.0760141434777877
val,0.13333637,-0.1132915222317826,0.09096302155158105
val,0.13619463,-0.0983841386031023,0.1395311603122787
val,0.13733467,-0.0795765207062109,0.1998391128215017
val,0.13685109,-0.0822346896308292,0.1911890483817205
val,0.35009968,0.0391242245951579,0.6610810909709107
val,0.35752952,0.0483133943021166,0.6932421740749399
val,0.36926112,0.0317838451617967,0.6452328099656982
val,0.37218952,-0.0008825182392241,0.5424108114526568
val,0.3622073,0.0038015998608539,0.5534046226925572
val,0.35434553,0.0009442081321371,0.5412269194206779
val,0.3551802,-0.0386394934017067,0.4155673166413588
val,0.35223907,-0.0515185719031703,0.3734223644673375
val,0.3483285,-0.0740719688108206,0.30010581583510143
val,0.35069034,-0.1059233263729426,0.19965562505383072
val,0.35680696,-0.1207516527432287,0.1548588467363876
val,0.36173168,-0.122179338967401,0.15224616885821662
val,0.3624248,-0.1177722635987953,0.16654482654466063
val,0.36036694,-0.1005891504607274,0.22042816668799556
val,0.35788158,-0.0831895973776404,0.2748327360770011
val,0.35883602,-0.0779465858406288,0.29189449360425723
val,0.3621023,-0.0799884127165161,0.28667672864659965
val,0.3670836,-0.0790123295031309,0.29173695356485074
val,0.3724356,-0.0754295275594577,0.3052392184435718
val,0.3757616,-0.0970256678992605,0.23780743723406345
val,0.37123707,-0.1123520841430926,0.1872521301926776
val,0.36058593,-0.1156556726721365,0.17256034707566276
val,0.34866866,-0.1096743260989336,0.1869240938275627
val,0.33632743,-0.1226664227759567,0.1407329291622213
val,0.3240501,-0.1213769559712318,0.14002216155673458
val,0.31316963,-0.1315713020304293,0.10330854876045785
val,0.3085773,-0.1326248948825122,0.09815417118814658
val,0.30997923,-0.1185378671814723,0.14354014401987947
val,0.31326422,-0.1159176119876705,0.15316818390023246
val,0.3136584,-0.1164786032995006,0.151537249804288
val,0.31507704,-0.1247954244940663,0.12562284214317093
val,0.31393793,-0.1343818732789307,0.09466437638381885
val,0.3061012,-0.1243169014914852,0.12362577075663243
val,0.29068968,-0.1041807177174219,0.18167114751345528
val,0.27584836,-0.1053900610183461,0.17200163452115036
val,0.26913252,-0.1131715588427513,0.14460090122064548
val,0.26638508,-0.1038501552828758,0.1731915678487479
val,0.27045393,-0.0985548857883797,0.1916410503673011
val,0.28139916,-0.0960678703478326,0.20384918117897421
val,0.28788564,-0.0923980619344913,0.21807328651642682
val,0.29374334,-0.0802693051239915,0.25897392628325977
val,0.30394328,-0.0862582622332232,0.24391246024109448
val,0.31176406,-0.0907365798891336,0.23272600432043986
val,0.31149468,-0.089406376614243,0.23685412862777908
val,0.30517757,-0.0974410001354517,0.20880411981235877
val,0.30874857,-0.1082555947967018,0.17578390786751463
val,0.315808,-0.1056662232636052,0.1867938979951762
val,0.31931734,-0.1062641735773095,0.1862670234300267
val,0.3238388,-0.1104021292248186,0.17486995534704886
val,0.32856005,-0.1203225403205586,0.1451468504300364
val,0.33108976,-0.126794620410899,0.12553961730650814
val,0.33085412,-0.1337765944086009,0.10322498936916456
val,0.32819688,-0.1291483014541583,0.11691380553011954
val,0.325877,-0.1336084196392994,0.1018083461916883
val,0.3246904,-0.1278282467566826,0.11974011437623544
val,0.32228085,-0.1198915492440879,0.14405605337464328
val,0.32255316,-0.110325635957486,0.1746092201833661
val,0.32351565,-0.1036233486614945,0.1963187152396246
val,0.32031974,-0.1081490878548506,0.18066083907374347
val,0.31236348,-0.1067445242363945,0.18201102357826815
val,0.30524337,-0.1092717298310594,0.17117509782743873
val,0.3010523,-0.1205218097858072,0.1337247224649224
val,0.29570663,-0.1287632226165492,0.10539752092242843
val,0.29063764,-0.1361897718237233,0.07977237339058735
val,0.28837067,-0.1430615844871547,0.06449896093617613
val,0.28695175,-0.132455480683684,0.0902123496646425
val,0.28652766,-0.1243246317838414,0.11592488415868878
val,0.28722498,-0.1075106737334541,0.16971379497153044
val,0.2905159,-0.0853760988232612,0.24145430545725904
val,0.29296884,-0.0717159815999702,0.28589368975138957
val,0.29506132,-0.0833231047940569,0.24977117846763153
val,0.30308384,-0.0848263450913425,0.24813291160615797
val,0.3066124,-0.0718474080019474,0.2908260697793322
val,0.3045206,-0.0542945425441175,0.3458729465327661
val,0.29636627,-0.0404402204211389,0.38677052371945797
val,0.2834772,-0.0782035373497236,0.26152270961708673
val,0.27545854,-0.0895283940785209,0.22233324396608783
val,0.2691012,-0.0992157434499518,0.1890071647463055
val,0.26973268,-0.1037054520098167,0.17496497928056468
val,0.27113125,-0.1073679751745655,0.16385639282291733
val,0.27362844,-0.0907247841916964,0.21780765322934942
val,0.27705994,-0.0915868178250893,0.21640972768490618
val,0.28078297,-0.0970149931007522,0.20059302517947167
val,0.28295404,-0.10716032999125,0.16915390611313233
val,0.28403157,-0.1275973876728869,0.10452945417860063
val,0.28599322,-0.1407520241872377,0.06356658088877422
val,0.2867122,-0.1322685665261266,0.09071331385743359
val,0.28454712,-0.1286049047562504,0.10152491704775152
val,0.28141892,-0.1228587948685075,0.11858681967287321
val,0.27791965,-0.1199301101491416,0.12653590112436994
val,0.27410042,-0.1157713884871776,0.1382744613560316
val,0.27237538,-0.1152611458607526,0.13922194058658233
val,0.27417213,-0.1048181766034954,0.17316444927099858
val,0.27817535,-0.1024597063038729,0.1822409535525795
val,0.28346142,-0.1082581858125207,0.16585863491236164
val,0.29036173,-0.115675228009779,0.1449578245959735
val,0.29576096,-0.1285159219111108,0.10620593615464383
val,0.29467788,-0.1296392479787751,0.1022058572405788
val,0.2873478,-0.1287820799579793,0.10205936501674848
val,0.27937746,-0.0882757658794668,0.22785701533180314
val,0.27157083,-0.0615666117222344,0.3098052907458175
val,0.26563093,-0.0454205629801033,0.3588654191145272
val,0.25975323,-0.0510900117686039,0.3385156108657361
val,0.25372213,-0.0694301049009623,0.27777753656671356
val,0.25014654,-0.0938127486319431,0.19877023541341315
val,0.25017083,-0.1181548948582031,0.12130361803258047
val,0.2532017,-0.132773486014576,0.07596422594172086
val,0.256472,-0.1397542071570451,0.055028532908900196
val,0.26074892,-0.1411585448513876,0.05366635937806827
val,0.26414198,-0.118979180251715,0.12415924069456219
val,0.26107213,-0.11296588167955,0.1420944345285816
val,0.25437608,-0.1108306252080941,0.14626449181674628
val,0.24292837,-0.0850214762984004,0.22392028594257138
val,0.23380034,-0.0684838383285434,0.27297645416547983
val,0.23062345,-0.0598053292973058,0.29935249693241284
val,0.23109964,-0.0519223843710732,0.3246290717329878
val,0.23252235,-0.0553618088474174,0.31424003055828903
val,0.2334386,-0.0837483954526391,0.22425058069014964
val,0.23933935,-0.0751290076379718,0.2539984897336819
val,0.24906585,-0.0721186144449405,0.26739446912329246
val,0.2542663,-0.0622227291263355,0.3009305711315175
val,0.25620672,-0.0564915789405969,0.31993265375148333
val,0.26495355,-0.0734197412022601,0.2694840277626894
val,0.27094913,-0.0948379843983002,0.20366540386422446
val,0.28274006,-0.0950412832629662,0.20764247036441658
val,0.28586614,-0.1008414144538972,0.19040779740932012
val,0.28081515,-0.091884693514954,0.21693435458249855
val,0.27983022,-0.0730141843176166,0.2766091140985484
val,0.28579932,-0.0753741752097777,0.2714386797472462
val,0.29687744,-0.102518498893275,0.1893883490098519
val,0.29879302,-0.1020410840353143,0.19165910972392647
val,0.29879364,-0.123016877396257,0.12489763194000073
val,0.29946417,-0.1230716408682032,0.12498629696701094
val,0.29751527,-0.0855133950605382,0.2437623077266493
val,0.28576744,-0.0590759767369291,0.3233000567047969
val,0.2773055,0.0044608617491703,0.52220642860762
val,0.26757586,0.0327530881538488,0.6084391444380177
val,0.24896479,0.0041627120288142,0.5101429173805888
val,0.2308473,-0.037241747647257,0.37125561655747247
val,0.2165069,-0.0859925579254039,0.2104676489875114
val,0.2159737,-0.0881913224878014,0.2032603162047959
val,0.22093984,-0.0869512013708381,0.20915497513644335
val,0.22165707,-0.1000609998986073,0.16771041050142943
val,0.22449292,-0.1026529593315328,0.16057288000169162
val,0.23122662,-0.1145730037138968,0.1252745811386969
val,0.23623511,-0.1181668202107727,0.11580039998421263
val,0.23822372,-0.1154264227404048,0.12530241872061984
val,0.23915598,-0.1183763362738289,0.11627904920739407
val,0.24260013,-0.1023207770848127,0.1687313715671635
val,0.24647532,-0.0899658340818659,0.2095744225228643
val,0.25142267,-0.0825230803994332,0.2352034412812907
val,0.2566439,-0.0779276306591085,0.25187747499487134
val,0.2610127,-0.0740010917690124,0.26608819732045375
val,0.26786244,-0.0638026971776253,0.3012339381479579
val,0.27366924,-0.0762646942172875,0.26384720484175506
val,0.27851236,-0.0975075560576833,0.19813481669377675
val,0.2838154,-0.1084807252478743,0.16528915940166253
val,0.2918058,-0.0948117628408847,0.21192835787774558
val,0.29581568,-0.0782009234061251,0.2663698913168327
val,0.2934583,-0.0701287727085471,0.2911374103403195
val,0.286044,-0.0670280897236755,0.2980985447829889
val,0.27599466,-0.0785201008147024,0.2575806755017409
val,0.2673554,-0.0994304354107931,0.1876391817692605
val,0.256216,-0.1194356201736616,0.11959810126759485
val,0.25360775,-0.1178136384591298,0.12373764763964368
val,0.2584368,-0.1023972531550513,0.17469873365069466
val,0.25796917,-0.1091308516652242,0.15308365378146419
val,0.25337946,-0.1089334925110461,0.15191183171896544
val,0.24838331,-0.103520292310536,0.16718158381920867
val,0.24506688,-0.107455271645787,0.1533567120540069
val,0.23729345,-0.1158058847670669,0.12372983755701052
val,0.22803995,-0.1249096914444454,0.09112525114738063
val,0.22676714,-0.1186522693254032,0.11054219788697942
val,0.22984546,-0.1022402869316111,0.16398547350896647
val,0.23355058,-0.1056921277240113,0.15445202129549807
val,0.23775469,-0.119736450495587,0.11140052685453544
val,0.24442019,-0.1260309171031639,0.09398056132929497
val,0.25181943,-0.1249311575616834,0.10038268233745687
val,0.25677186,-0.0940286078578809,0.2006814939063484
val,0.26334473,-0.0972284316959166,0.19307482503563878
val,0.26985794,-0.1033247773844959,0.17622571388764052
val,0.2752129,-0.1131805259055839,0.1469569430850147
val,0.28250286,-0.1277220246841539,0.10353323554722826
val,0.50107145,0.0307984984810416,0.6937895655622321
val,0.5091765,0.0319745821908489,0.700711413112612
val,0.51995254,0.0062111650784973,0.6229377608793389
val,0.5201313,-0.0164277067030209,0.5509529021318267
val,0.50814784,-0.0143106713201571,0.5529913673599349
val,0.4969434,-0.0443323561034338,0.45304427975287886
val,0.49499023,-0.057648143714414,0.4098968252429762
val,0.4925961,-0.0709494132844338,0.3666226445756518
val,0.49033582,-0.075880816921961,0.35004055238732
val,0.49546888,-0.0942994742718619,0.2934307453479753
val,0.5044935,-0.1038532625576411,0.2665622075477082
val,0.51176697,-0.0989441190899236,0.28503950546981205
val,0.51298577,-0.095392633540065,0.2968211526237551
val,0.50608134,-0.090861881746345,0.3085338667791648
val,0.49518362,-0.0772168111709254,0.3476895453611781
val,0.48811775,-0.0613833273223965,0.39531326370907427
val,0.48556662,-0.0669260367951581,0.37667144376597217
val,0.48698303,-0.0655581382645948,0.38158067171306775
val,0.49144778,-0.0678265815123682,0.37611164432000305
val,0.49978808,-0.0798661317762621,0.34106305311545376
val,0.507004,-0.0841993331941666,0.330101261035906
val,0.50912356,-0.0859838987145382,0.325252590452095
val,0.5061753,-0.0964765036500131,0.2907005062370954
val,0.4985109,-0.1022125176584081,0.2694381325416797
val,0.48885503,-0.1046190153406321,0.2579919302269514
val,0.47894657,-0.1184777416997254,0.2099965332735374
val,0.47125137,-0.1228001272202916,0.19322137498940326
val,0.4684852,-0.112122954185352,0.22611983702772398
val,0.4702228,-0.1046572363406204,0.2505631575265288
val,0.47160843,-0.1150326563883443,0.21808369904300695
val,0.4747536,-0.1252332329962764,0.18685078223392773
val,0.47834423,-0.131169016570567,0.1693665406925366
val,0.47926044,-0.1311994198088267,0.1696290893569935
val,0.47360426,-0.1097732692294388,0.23560598557031698
val,0.46608183,-0.1187401422849842,0.20411611626301313
val,0.4601725,-0.1199116805436836,0.19806984577697018
val,0.4556957,-0.1284846728707593,0.16902804395938442
val,0.4560033,-0.1380105047022869,0.13882987542138456
val,0.4587333,-0.1356069034079945,0.14755069558122394
val,0.45952594,-0.1308339717416218,0.16305282950254146
val,0.4585142,-0.1092209260499482,0.23144601545207694
val,0.4643889,-0.0819986746510209,0.32039287220383317
val,0.4669819,-0.0822386021414987,0.3206461450725222
val,0.4650704,-0.0928388062966807,0.28615818715647234
val,0.46352142,-0.0846326185739764,0.31166935449708766
val,0.46196067,-0.0846997909956077,0.3108434687325504
val,0.46384865,-0.0863296875655382,0.30639625799565495
val,0.4652109,-0.0857781211509505,0.30868602513420684
val,0.46923077,-0.1133152278034714,0.22261746554026585
val,0.47463518,-0.1208155564609068,0.20086491437048612
val,0.47833526,-0.1332706463180145,0.16267395913323596
val,0.48013127,-0.142273424994498,0.13970296409831098
val,0.48095813,-0.1401074044188278,0.14194256459596089
val,0.4815757,-0.143705542195595,0.1402694356168997
val,0.483038,-0.1419046150345302,0.14084291532974993
val,0.48371416,-0.1330802035753766,0.16538957822223124
val,0.48404598,-0.1232930250565862,0.1966703260756591
val,0.48215348,-0.1097672714937604,0.238977878429798
val,0.47530067,-0.1115151454392294,0.23072723696380404
val,0.4638542,-0.1087144267794773,0.23515232307660877
val,0.45330444,-0.1089841755227306,0.23015639914151687
val,0.44151598,-0.1165320754894315,0.20150979830585664
val,0.43172085,-0.1178810545202423,0.19337485013083233
val,0.4252057,-0.1302542052095415,0.15143851747722412
val,0.42073676,-0.1359127586493497,0.13167586950892085
val,0.41998982,-0.130684968074665,0.14802194050884918
val,0.4238946,-0.1327368265556642,0.14302265167741524
val,0.43038225,-0.1134509813947762,0.20694991217828018
val,0.44215524,-0.0799873792691335,0.31807490065035104
val,0.44859472,-0.0919779994365464,0.2824365871204614
val,0.452681,-0.1043037715586099,0.24480868272837603
val,0.46318954,-0.0962193555553145,0.2746609513704916
val,0.47083288,-0.0712337090508728,0.3571827647735786
val,0.46910107,-0.0485874941143578,0.42858192557157615
val,0.45720714,-0.05800010591311,0.39395896009836284
val,0.44289386,-0.0874709427845608,0.29454589630138034
val,0.4338347,-0.0954624318049617,0.26555780830133646
val,0.4246854,-0.1131805720787181,0.205576399748987
val,0.4227299,-0.1156797205415992,0.1968552129248396
val,0.42184004,-0.1132329414743225,0.20429383516305805
val,0.4216139,-0.1028647087921794,0.2372051424545052
val,0.4252012,-0.1020625403672336,0.2411651376103598
val,0.43008614,-0.1004987547282965,0.24805811072246065
val,0.4335631,-0.1154595547979894,0.2018044826798875
val,0.43531528,-0.1258577407810916,0.16939631711464748
val,0.43675396,-0.1378688117589233,0.13173171647968163
val,0.43801653,-0.1305156652923351,0.15563044937125897
val,0.4370929,-0.1260947520314276,0.16933909890371485
val,0.43390942,-0.1275886550981277,0.16333582057602453
val,0.43001524,-0.1256304845200496,0.16804107677370933
val,0.4254474,-0.1120897508008465,0.209347102436729
val,0.4203998,-0.1038913115366899,0.23346153140923864
val,0.4180976,-0.0940704012801679,0.2638166398075874
val,0.41778958,-0.0780174516342172,0.31478914357656973
val,0.4210712,-0.1052659766055261,0.22934955697774717
val,0.4285993,-0.106700817755911,0.22773509089874233
val,0.43532538,-0.1156320720206456,0.20194651996748672
val,0.43761003,-0.1158327546572776,0.20220377366571585
val,0.43509153,-0.0973524590975517,0.2600351317189217
val,0.4336818,-0.0701460448209203,0.3460747997575546
val,0.43282816,-0.0417786139008752,0.4360278351135129
val,0.43150684,-0.037171297311552,0.45017380417906216
val,0.42955625,-0.0399130664411698,0.4406823302787986
val,0.42732063,-0.0572495427767132,0.3846270639915722
val,0.4238271,-0.0845187854119901,0.29646448255335023
val,0.42059273,-0.1013983523804508,0.2414717803643146
val,0.42049742,-0.1171484239977514,0.19130509973903445
val,0.42158762,-0.1355037164902299,0.1333114555331389
val,0.42578834,-0.1355805987202708,0.13471417861225785
val,0.42916843,-0.124998918941823,0.16971912367532777
val,0.42613503,-0.1131011996415357,0.2063975370491785
val,0.42093742,-0.1047790422009959,0.23084690563340787
val,0.4177836,-0.0980134675700838,0.25114351141984925
val,0.41626623,-0.0917514661787745,0.27047912237209226
val,0.41932026,-0.094907095793061,0.26163310840879767
val,0.42471397,-0.0902701877963066,0.2785067379981083
val,0.4291205,-0.1058003001774723,0.23080565917800805
val,0.4304134,-0.1175884132430616,0.19379351713100723
val,0.42933905,-0.1291037978121456,0.15672103505134322
val,0.428771,-0.1284933392566815,0.15844122567966454
val,0.42659658,-0.1055854055053842,0.2304998034491526
val,0.4276488,-0.0813996881801782,0.3078907211150367
val,0.43501315,-0.0774321581448709,0.32340669434000585
val,0.43993002,-0.0780388874131307,0.32340387833791284
val,0.44960654,-0.0763514039695884,0.33256970175021816
val,0.4567797,-0.075767853983044,0.33724016856225636
val,0.45930636,-0.0667136948768101,0.36704862811833394
val,0.46050656,-0.0484788322334887,0.4255572094786193
val,0.4622668,-0.084220126922041,0.3124901997598652
val,0.46632496,-0.099478608346143,0.2655170449760079
val,0.46473652,-0.1085384950345704,0.2360583035273302
val,0.46341336,-0.1180086294875266,0.20539786274711253
val,0.462176,-0.1122675379139717,0.22318533612512603
val,0.45817673,-0.0981997943448613,0.26639170767895004
val,0.44907558,-0.078047224560466,0.32696401669599573
val,0.44209385,-0.0286388831173636,0.48148273482409076
val,0.43542954,-0.0178261075652125,0.5132840333864931
val,0.42738172,-0.0527616027758847,0.39893523017710264
val,0.41919374,-0.0964449678907387,0.2566887534297208
val,0.41219747,-0.1249820509631539,0.1631171991597743
val,0.41283977,-0.1141956510916843,0.19770003006978723
val,0.41541612,-0.1045378260145949,0.2294493239452103
val,0.41487008,-0.09734670242543,0.25212307632594094
val,0.4165724,-0.1044515134311769,0.2301775053518676
val,0.4246451,-0.0991644838836076,0.25017097770656616
val,0.43283305,-0.095464418556944,0.2651586612675628
val,0.43824786,-0.1043286903935983,0.23906903260495704
val,0.439982,-0.108997190396449,0.2248902273780196
val,0.44099882,-0.1088357091005602,0.22580296270395483
val,0.43932042,-0.1108872427389573,0.2186151157252291
val,0.43596622,-0.1056007464093691,0.23412552917469212
val,0.433774,-0.1022416484593752,0.24395712346479062
val,0.43294325,-0.0953852651353082,0.2654538085005542
val,0.437812,-0.0774182201189074,0.3245486994957054
val,0.4418646,-0.0792860374057912,0.32019314820898215
val,0.44638866,-0.0875494980549531,0.2956664491873563
val,0.454748,-0.1170651343048621,0.20500246702107291
test,0.46561342,-0.1099862240532961,0.23179437354829857
test,0.4728589,-0.1149137515461963,0.21895255414327108
test,0.4747499,-0.1101465961718223,0.23486705428506055
test,0.4737871,-0.1143711364786483,0.221043606734208
test,0.46989924,-0.1223698622161746,0.1940605481169044
test,0.46444756,-0.1295724594996556,0.16899811237370113
test,0.45686403,-0.1367502840855344,0.1431784616359005
test,0.45617306,-0.1201431239532009,0.19576472164286643
test,0.46174705,-0.1134851264910702,0.21914177307112065
test,0.4626609,-0.1165593203401442,0.20971562440215646
test,0.46014848,-0.1063493375561669,0.24122662886071475
test,0.45571762,-0.103271658915561,0.24928458020557676
test,0.4504127,-0.1023087668411553,0.2502688065114653
test,0.44043744,-0.1029924227465956,0.24418080494083294
test,0.77758956,-0.0305164572340131,0.6070803321749887
test,0.7841404,-0.0625049611821927,0.5078364595065399
test,0.7899087,-0.0699475736009875,0.48641031659785905
test,0.7830649,-0.0958484371528646,0.4012891126754076
test,0.7654201,-0.0759044673963389,0.45784687101065547
test,0.7500398,-0.0672948818264539,0.4792176535341888
test,0.74599814,-0.0557031663073357,0.5145267026823634
test,0.74426675,-0.0637979770985974,0.48808354159446016
test,0.7442402,-0.0929664318654455,0.39523581900029725
test,0.7500392,-0.1378039631683285,0.2548012290137606
test,0.7569796,-0.1492774933757324,0.24827637638817532
test,0.76226795,-0.1503095609663333,0.25035034304306936
test,0.7648044,-0.148913882521313,0.2513450791558089
test,0.7624665,-0.1423614691262258,0.2504282096894391
test,0.75857085,-0.1375140912033849,0.2590697457663228
test,0.7580134,-0.1374483700959152,0.2590603040037303
test,0.75683755,-0.1402228662632226,0.24976850137179432
test,0.7516204,-0.1429914524902423,0.24617462402743742
test,0.7495226,-0.1497740552807747,0.24535191614149254
test,0.74795985,-0.1677994154565285,0.24473904229805635
test,0.7471666,-0.1692844463295904,0.2444279482802635
test,0.7460586,-0.1752729974766767,0.24399341670545802
test,0.7424439,-0.1816119271803495,0.24257581626913186
test,0.73729295,-0.179520764405326,0.24055573466692576
test,0.7309706,-0.1747658943713985,0.2380762574990815
test,0.72402906,-0.1694724010350891,0.23535394855704603
test,0.716347,-0.1718397999389536,0.23234122506467214
test,0.7148335,-0.162204727346772,0.2317476659144302
test,0.7201704,-0.1543839469084661,0.23384067273896034
test,0.7231455,-0.159799727906493,0.23500743707849445
test,0.7228149,-0.1675693699126143,0.2348777835237736
test,0.7223636,-0.1769902788003425,0.2347007942641078
test,0.722286,-0.1797317974349716,0.23467036136681094
test,0.715147,-0.1714953727310839,0.23187061325080338
test,0.7053716,-0.1699081648230714,0.22803693097972613
test,0.7011621,-0.1741716060208819,0.22638606395432567
test,0.69684666,-0.175211946345971,0.22469364974929082
test,0.69308305,-0.185864162082303,0.22321765030862867
test,0.6907481,-0.1874539940970159,0.22230193776296794
test,0.6864467,-0.1867036539767879,0.22061502971615538
test,0.6820453,-0.1703988921881352,0.21888890401818709
test,0.68220496,-0.1483017467124076,0.21895151892002232
test,0.6784221,-0.1421159075964462,0.2174679700815127
test,0.67409015,-0.1513011702252498,0.21576908104227205
test,0.6712459,-0.1445098513552424,0.21465363299927517
test,0.6688283,-0.1225150174577424,0.27161385304871666
test,0.66812664,-0.1268173680035439,0.2576451641702571
test,0.6662657,-0.1339383467030456,0.2342507078102712
test,0.67015785,-0.1588126689185015,0.21422692534587526
test,0.67603767,-0.1698740622506508,0.21653285264206013
test,0.6789901,-0.1748393574695879,0.21769072634007725
test,0.6797108,-0.1796084953226763,0.21797336795195654
test,0.6799536,-0.1803722870760183,0.2180685884089627
test,0.6812255,-0.1860459249638045,0.21856739771401243
test,0.6850276,-0.1876638235882236,0.2200584920286044
test,0.6905689,-0.1877650784603377,0.2222316597320969
test,0.69473475,-0.1855483714014774,0.22386540825276785
test,0.695483,-0.1879072555046984,0.2241588543275406
test,0.69435334,-0.1828792693561761,0.22371582820949482
test,0.6910168,-0.1774354237517616,0.2224073155916234
test,0.6835099,-0.1745685675094607,0.2194632857370139
test,0.6745032,-0.1761051737656069,0.21593106955037078
test,0.6668506,-0.1761458218699725,0.21292989957802735
test,0.6614776,-0.1791811572555697,0.21082273518143002
test,0.6579708,-0.1796944357052074,0.20944745059070086
test,0.6558039,-0.1852048628305281,0.20859764330780733
test,0.65459436,-0.1861932323584657,0.20812329013001832
test,0.6558624,-0.1807791172758228,0.20862058563373342
test,0.6566028,-0.1779640041907717,0.2089109531228905
test,0.6542172,-0.1750232081393634,0.2079753768369194
test,0.65464354,-0.1774424419449274,0.20814257737085676
test,0.65794784,-0.1787922250018435,0.20943844621799548
test,0.66053826,-0.1632025400255033,0.21045434809706376
test,0.6600254,-0.1640797837715748,0.21025321645134648
test,0.6621443,-0.1486819614676476,0.21108419926168526
test,0.66425985,-0.1446644314714904,0.2119138682807103
test,0.66376615,-0.1401158544135912,0.21360868153469273
test,0.66526145,-0.1580190504390334,0.2123066722746861
test,0.6682252,-0.1599404211996252,0.21346898541081405
test,0.6675042,-0.1590016476042545,0.21318622614598123
test,0.6678985,-0.1529625819760539,0.21334086134448826
test,0.6704821,-0.1557125449631798,0.21435408857974772
test,0.66961455,-0.1549822696515302,0.2140138558471462
test,0.664523,-0.1580626687039167,0.2120170695297266
test,0.658038,-0.1653593665736785,0.2094738048522775
test,0.65322894,-0.17882685455459,0.20758780447760775
test,0.6508609,-0.1834320871714375,0.2066591148111796
test,0.64839,-0.1851722094005501,0.2056900858687727
test,0.64479804,-0.1856897492271913,0.2042814035263193
test,0.64324224,-0.1769647706186704,0.20367125530963845
test,0.6453443,-0.1668702062926414,0.2044956338675226
test,0.6481391,-0.1655782190640023,0.20559168878202294
test,0.65001845,-0.1705758767765008,0.20632872570901817
test,0.65196097,-0.1723693620946083,0.20709053642624844
test,0.65438324,-0.1765805307651765,0.20804049382489834
test,0.6576391,-0.1792896627385817,0.2093173656418173
test,0.6589103,-0.1788165905916193,0.20981590042330894
test,0.6587193,-0.1751761058762371,0.2097409947096015
test,0.65886945,-0.1636713931723195,0.20979988001281183
test,0.6601092,-0.1433695561530949,0.21028608084301498
test,0.6588828,-0.1405598255847713,0.21028047564670932
test,0.6539794,-0.1450854603710379,0.20788211726247105
test,0.6474038,-0.1637614668123552,0.20530332139307486
test,0.64324874,-0.1716191645568012,0.20367380445696356
test,0.644898,-0.1682093045559176,0.20432060549041456
test,0.64649415,-0.1697105225185803,0.20494657802933677
test,0.6448166,-0.1734513122650277,0.20428868232237382
test,0.6444543,-0.1847643892367194,0.20414659677223665
test,0.64794517,-0.1824581899233929,0.20551563399113662
test,0.6514933,-0.1759522939354622,0.20690712723708848
test,0.6471439,-0.158031699223153,0.20520139471772111
test,0.64046216,-0.1488169810959646,0.20258097323338822
test,0.63730174,-0.1439585882469567,0.2013415307427323
test,0.6366904,-0.1430061701027944,0.2011017775541569
test,0.6409374,-0.155497598680305,0.20276735119874073
test,0.6467307,-0.1544828058154874,0.20503934738314566
test,0.65356195,-0.1626153852257819,0.20771840317772144
test,0.6599791,-0.1734829189831259,0.2102350586788614
test,0.66299903,-0.1760866787999225,0.21141940429140865
test,0.665011,-0.1623171727545099,0.2122084516673666
test,0.66530925,-0.1534246831838699,0.2123254183119385
test,0.67000324,-0.1396182627255637,0.21763845574708973
test,0.67905486,-0.1341785907966478,0.23850166745513196
test,0.68416035,-0.1446122184202149,0.21971837694895635
test,0.69202864,-0.1398258409506128,0.22561562064826474
test,0.70009613,-0.1251477223113336,0.27549699282353757
test,0.7053477,-0.1214937114978108,0.2891865148901396
test,0.7054209,-0.1240490544440743,0.2810820808448366
test,0.7052994,-0.1526029073638118,0.2280086158355917
test,0.7103943,-0.1675092750545209,0.23000671594432504
test,0.71178776,-0.1747999606002602,0.23055319822611964
test,0.71360135,-0.1693356602642609,0.23126444562571485
test,0.7145913,-0.1488511307382972,0.231652680763331
test,0.71185654,-0.1396239820777401,0.23403413339346243
test,0.7022457,-0.1316818999215594,0.25554303383579
test,0.69085586,-0.1077335080141494,0.32729910886120056
test,0.67913616,-0.0999332580015401,0.3475295408298934
test,0.6673968,-0.1201488436735335,0.27858350643759716
test,0.6573161,-0.1474557433068378,0.20919069262858428
test,0.65010715,-0.1703165425844495,0.20636351176559328
test,0.65063024,-0.1605084508857504,0.20656865537702382
test,0.65555495,-0.1676545943032067,0.20850001096525514
test,0.65959644,-0.162968172294538,0.21008498841494885
test,0.66541916,-0.1572495315145124,0.2123685224323238
test,0.6732142,-0.1515012998022373,0.21542555402697341
test,0.6794557,-0.1561786437805401,0.21787332372385831
test,0.68255943,-0.1638542113525936,0.21909053372807405
test,0.6818756,-0.1688461956665444,0.21882235166417582
test,0.682185,-0.1617697028956893,0.21894369107685163
test,0.6817082,-0.1617280972367155,0.2187567013161411
test,0.67987674,-0.1581207476909579,0.2180384457222844
test,0.67799264,-0.1444000772910639,0.2172995459568593
test,0.67782074,-0.1489666313065915,0.2172321308145226
test,0.68474936,-0.1471572670522403,0.2199493728360287
test,0.69176364,-0.1547827671368517,0.2227002086975149
test,0.6991274,-0.1644393537845664,0.22558810240626
test,0.70677435,-0.1710378886855457,0.22858705658131315
test,0.7171673,-0.1523103999260264,0.23266292745710257
test,0.724546,-0.1497674378702246,0.23555668028293048
test,0.7288452,-0.140631930296895,0.23748859085861856
test,0.7295487,-0.1387998493607651,0.24359563125300526
test,0.72784734,-0.1552107095685416,0.236851388287595
test,0.7220489,-0.1645598380927932,0.2345773763159207
test,0.71187305,-0.1745758299111212,0.23058664696079037
test,0.7095732,-0.1682846903470325,0.2296846998106853
test,0.7166936,-0.1705863565203353,0.23247715344357794
test,0.7248665,-0.1792849893924219,0.23568237285488455
test,0.7282891,-0.165340829243297,0.23702463618334058
test,0.72601306,-0.159971293940992,0.2361320267559757
test,0.72220916,-0.1530904720637354,0.2346402265236629
test,1.0046614,-0.0240589244604086,0.7166855990496609
test,1.015394,-0.0450540787601987,0.654071329779619
test,1.0255328,-0.0535999864569876,0.6272509943697726
test,1.0210872,-0.0694046081654472,0.5769480701465466
test,1.0036081,-0.0639887766932995,0.5891838509008728
test,0.98617935,-0.0662117517918255,0.5752734230033718
test,0.9797095,-0.0664390983288548,0.5720125016124314
test,0.9761355,-0.0730341349020707,0.5496201911001827
test,0.9745133,-0.1132478649564643,0.4209918078662128
test,0.9791601,-0.1314053748086722,0.3650224809065281
test,0.9854176,-0.1508178044461095,0.3378643943353019
test,0.9889488,-0.1572074547380709,0.339249248032913
test,0.987168,-0.1587850924836222,0.33855086010113183
test,0.9778095,-0.155045246773232,0.3348806762177228
test,0.9647647,-0.1582403705387448,0.3297648120597601
test,0.95375675,-0.1539687968239099,0.325447752629363
test,0.94428337,-0.1553951511304536,0.3217325155083062
test,0.9349488,-0.1573180747309877,0.3180717164088188
test,0.92820495,-0.1659579413395179,0.31542693684135314
test,0.9254339,-0.1687738170925199,0.31434019611900227
test,0.9243375,-0.1671006753433589,0.31391021379173084
test,0.9230871,-0.1768811487240034,0.31341983628167963
test,0.92009205,-0.1803395489754748,0.31224524802073994
test,0.9167201,-0.1811266719731167,0.31092284843259427
test,0.9136255,-0.1789694820244528,0.309709218999929
test,0.9103621,-0.1779970832759115,0.3084293901721129
test,0.90615773,-0.1776321696383132,0.3067805350122168
test,0.90532726,-0.163059686625734,0.30645484418466373
test,0.91003674,-0.1407091784567107,0.30830179162231264
test,0.91250217,-0.1455594645243231,0.3092686753592014
test,0.9128719,-0.1577448343592028,0.30941367478081944
test,0.9134373,-0.1735193440186758,0.3096354113804539
test,0.9136236,-0.1766467761350086,0.3097084738645571
test,0.9066552,-0.1666306291708405,0.3069756310614212
test,0.89885986,-0.1645609511271617,0.3039184818138181
test,0.8957999,-0.1697018804774125,0.3027184373755132
test,0.8935492,-0.174726335995256,0.3018357657009512
test,0.8915092,-0.186617483004592,0.3010357256173743
test,0.89003754,-0.1860648515428418,0.3004585751323759
test,0.8877366,-0.1836835772158563,0.29955620050987325
test,0.8844168,-0.1748599283139658,0.2982542529268053
test,0.88552785,-0.1499001143180721,0.29868998063997104
test,0.8827857,-0.1502386669353366,0.2976145738188042
test,0.87832123,-0.1530736459214457,0.29586371354825197
test,0.87478095,-0.1428761030319691,0.2944752988879159
test,0.8718579,-0.1277544804372516,0.33456113908506224
test,0.8710576,-0.1230647530643811,0.3491737368642656
test,0.8681281,-0.130680715769493,0.32378478208451106
test,0.8696694,-0.1521896240382049,0.2924706690402652
test,0.8734943,-0.1694556043852442,0.29397070497932065
test,0.8769314,-0.1707235235718211,0.2953186548671943
test,0.8782411,-0.1767937767319431,0.29583228844438086
test,0.8789051,-0.1757175712821652,0.29609269364805496
test,0.88038456,-0.1837899241906014,0.29667290310984346
test,0.8854339,-0.1835893820991443,0.2986531356567102
test,0.8921716,-0.1844735037319545,0.3012955033386298
test,0.8965964,-0.1878476710124181,0.3030308059669686
test,0.8974993,-0.1834181941394467,0.3033849021392537
test,0.8961597,-0.186171944013489,0.3028595424843715
test,0.89338136,-0.1799614795646207,0.30176994279525143
test,0.8862653,-0.1815935867202948,0.298979191208419
test,0.8759362,-0.1805465141643625,0.2949283608028925
test,0.8665322,-0.1795417210071749,0.2912403328882076
test,0.8601477,-0.1831681170625732,0.28873648195017
test,0.856161,-0.1827935477841824,0.28717299185154455
test,0.8528378,-0.183488857627956,0.2858697108683373
test,0.8517039,-0.1807159871975237,0.2854250219218825
test,0.85359275,-0.178238703116757,0.2861657845257375
test,0.85489404,-0.172528598322183,0.2866761198984619
test,0.85399055,-0.1685370122368853,0.286321792342035
test,0.85418034,-0.1763449695102416,0.28639622352216343
test,0.8570516,-0.1775350318751176,0.28752226425273747
test,0.85737824,-0.1780626165320677,0.28765036478847256
test,0.85629725,-0.1797435481072072,0.2872264259012442
test,0.85891455,-0.1634798474562301,0.28825286948494316
test,0.85897636,-0.1484009640128625,0.2882771099151225
test,0.8568775,-0.1495490337061145,0.2874539863220753
test,0.8579501,-0.1568226978794535,0.2878746348483717
test,0.86241436,-0.1581543493756516,0.2896254127618565
test,0.8652785,-0.1579701756668036,0.2907486611956682
test,0.8661015,-0.1550101647000126,0.2910714224646799
test,0.86715484,-0.1515970223811021,0.29148451767136363
test,0.8671515,-0.1499850845407834,0.291483207801815
test,0.8660184,-0.1555480828110751,0.29103883259656943
test,0.8636276,-0.1593739927554175,0.2901012169927383
test,0.86011404,-0.1727049600174636,0.28872328128879104
test,0.8585934,-0.1814755108023022,0.2881269219982565
test,0.8571419,-0.1854970951249068,0.2875576777917311
test,0.8556439,-0.1869070180130093,0.2869701973774183
test,0.85553277,-0.1832110168557458,0.2869266148016889
test,0.8577947,-0.1785084480402822,0.2878136906184757
test,0.8626045,-0.1735716265532419,0.289699981203764
test,0.86779046,-0.1737481951502446,0.2917337929056397
test,0.8733049,-0.1810005756229798,0.2938964267480318
test,0.87952983,-0.176875774393005,0.2963376980801201
test,0.8870733,-0.173633553570552,0.29929606982975726
test,0.8921668,-0.1670122904933793,0.3012936208913744
test,0.8935878,-0.167345394232195,0.30185090371429735
test,0.8933723,-0.1721425087992177,0.3017663896760567
test,0.89495575,-0.1530046751281794,0.3023873815732821
test,0.89308983,-0.1379672584490252,0.31038259010989017
test,0.8864834,-0.1537751349363817,0.29906472490558966
test,0.88063526,-0.1690498272072784,0.2967712217612909
test,0.87915426,-0.1739818281623889,0.2961904083476745
test,0.8815082,-0.1745332238247063,0.29711356832528973
test,0.8843232,-0.1725565926468807,0.29821754520532356
test,0.8861809,-0.1830060381562803,0.29894609151084356
test,0.88971287,-0.1821828222402039,0.30033124718436854
test,0.8955874,-0.1864830670735549,0.3026350998668073
test,0.90070236,-0.1827793888004978,0.3046410670363624
test,0.89928085,-0.1663969486691987,0.3040835842034186
test,0.89537746,-0.1572253213124085,0.3025527663299709
test,0.8947055,-0.1479511486518717,0.30228923940126495
test,0.89663357,-0.1497208929953682,0.3030453831679032
test,0.9017179,-0.1536308121922611,0.30503933797090926
test,0.9075849,-0.1498550528751481,0.307340237564216
test,0.91430897,-0.155860520467878,0.30997725988028313
test,0.91975945,-0.1764513300171761,0.31211481011299597
test,0.9220708,-0.180861677718124,0.3130212672929839
test,0.92411244,-0.173442359750094,0.3138219505460398
test,0.92524064,-0.1586600865266709,0.3142644040863787
test,0.9257342,-0.1582779271324791,0.31445796672542287
test,0.92955506,-0.1518232111437588,0.3159564182713717
test,0.93105,-0.1609399598135071,0.3165426986255592
test,0.9358988,-0.151037514483102,0.31844428409479825
test,0.9423039,-0.1289600873985769,0.3583512017460163
test,0.9457832,-0.1282010124909756,0.3621316838618308
test,0.946317,-0.1365408690809465,0.33579694571726315
test,0.9458587,-0.1579830906237253,0.3223503229322578
test,0.95115304,-0.1689454275645063,0.3244266387244561
test,0.9499625,-0.1730121280891741,0.3239597369003867
test,0.9479983,-0.1709630964800735,0.3231894237963858
test,0.94666165,-0.1696306340978332,0.32266522106221274
test,0.9435389,-0.1698510361828635,0.32144055186074716
test,0.9354676,-0.1661971090129874,0.3182751775830147
test,0.9239447,-0.1515261247104849,0.31375616685799107
test,0.9116132,-0.1457007100824071,0.3089200422057223
test,0.901424,-0.1557719270400153,0.30492407729416265
test,0.8931679,-0.1716830460932886,0.3016862287970944
test,0.88746005,-0.1818805014797037,0.29944774409560204
test,0.88669246,-0.1833287197923782,0.2991467133270958
test,0.8912919,-0.1766246882136088,0.3009505056614129
test,0.89549595,-0.1673631850972053,0.3025992353248254
test,0.8965003,-0.1602543252647822,0.30299311780420796
test,0.89827037,-0.1617565007429429,0.3036872976820202
test,0.9019326,-0.1613681960383881,0.30512353826794064
test,0.9062552,-0.1682940508633504,0.3068187604567983
test,0.910547,-0.1730309240542035,0.30850190360909985
test,0.9152299,-0.1673198871428565,0.3103384269950716
test,0.9180012,-0.169079239035015,0.3114252657615503
test,0.9204414,-0.1723853352486716,0.31238225488505245
test,0.92087895,-0.1778829584922306,0.3125538517176843
test,0.9204162,-0.1809952759764242,0.31237237203696117
test,0.9213626,-0.1730037620580314,0.31274352788749904
test,0.91937554,-0.170075959080824,0.31196424962844393
test,0.9157644,-0.1633503460768063,0.31054804534049896
test,0.9134339,-0.1470830126716198,0.30963407798031467
test,0.9148744,-0.1333547926525715,0.3336065354001315
test,0.9159511,-0.141399456658061,0.3106212646952067
test,0.917714,-0.127644053017759,0.35289629262752675
test,0.91753334,-0.1406743880251858,0.31135251298762645
test,0.91544026,-0.1413672435081034,0.31042092524604276
test,0.9120496,-0.1518574570356571,0.3090911880353659
test,0.90794986,-0.1700721141436025,0.30748336630387396
test,0.9076161,-0.1638141124390992,0.3073524734713766
test,0.9102013,-0.1631894192590703,0.3083663281890545
test,0.91340595,-0.1698664187196453,0.30962311664681663
test,0.915231,-0.1662257345648801,0.3103388583892343
test,0.91524476,-0.1596729528649134,0.3103442547380333
test,0.91608495,-0.1524982109483482,0.3106737575212786
test,0.9066421,-0.1518780555022171,0.30697049354911976
test,0.8968236,-0.1774295726912937,0.30311990847039444
test,0.89531666,-0.1825955276705,0.30252892199806825
test,0.899413,-0.1742522201256696,0.3041354103294209
test,0.90556663,-0.1756345833974728,0.30654871947623524
test,0.9115338,-0.1774099174593916,0.30888890339070463
test,0.9185044,-0.1856028246892966,0.3116226089821659
test,0.9237264,-0.1818214399625147,0.31367055472551814
test,0.9271153,-0.176676172520357,0.3149996017055347
test,0.93083274,-0.1755100447406725,0.31645749435665826
test,0.9346504,-0.1719675057346594,0.31795469093777007
test,0.9384345,-0.1676789686039134,0.31943872607515406
test,0.94509625,-0.1625404574956637,0.32205130795102094
