Source_File,Ring_Index,Cluster_Label,First_Unit_Top_Depth,Last_Unit_Bottom_Depth,Source,Top_Depth_Avg,Bottom_Depth_Avg,含水率,容重（重度）,孔隙比,塑性指数,液性指数,内摩擦角,黏聚力,饱和单轴抗压强度标准值,完整性指数,泊松比,重型圆锥动力触探锤击数N,主RGB比例
海太处理后数据.xlsx,200,5,49.268,60.434,Part_50,29.737,30.057,28.8588,18.71658,0.8719585999999999,12.7,0.98,19.4742,8.5676,,,,,99.2
海太处理后数据.xlsx,201,5,49.322,60.488,Part_50,29.715,30.035,28.879680000000004,18.71268,0.8726107999999999,12.7,0.98,19.44,8.5916,,,,,99.08
海太处理后数据.xlsx,202,5,49.377,60.543,Part_50,29.693,30.013,28.89672,18.70934,0.8731606,12.7,0.98,19.4118,8.6128,,,,,98.92
海太处理后数据.xlsx,203,5,49.432,60.597,Part_50,29.67,29.99,28.899120000000003,18.70842,0.8732882,12.7,0.98,19.407,8.6204,,,,,98.72
海太处理后数据.xlsx,204,5,49.486,60.652,Part_50,29.648000000000003,29.968000000000004,28.894320000000004,18.70874,0.8732025999999999,12.7,0.98,19.4138,8.620800000000001,,,,,98.52
海太处理后数据.xlsx,205,5,49.541,60.707,Part_50,29.626,29.946,28.8948,18.7081,0.873279,12.7,0.98,19.412,8.627,,,,,98.3
海太处理后数据.xlsx,206,5,49.596,60.762,Part_50,29.603,29.923,28.933680000000003,18.70034,0.8745489999999999,12.7,0.98,19.3474,8.6768,,,,,98.16
海太处理后数据.xlsx,207,5,49.651,60.817,Part_50,29.581,29.901,28.99872,18.68772,0.8766332,12.696551724137931,0.9793103448275862,19.24,8.7564,,,,,98.84
海太处理后数据.xlsx,208,5,49.707,60.873,Part_50,29.559,29.879,29.067360000000004,18.674480000000003,0.8788239999999999,12.696551724137931,0.9793103448275862,19.1268,8.8396,,,,,98.76
海太处理后数据.xlsx,209,5,49.762,60.927,Part_50,29.536,29.856,29.13432,18.66158,0.8809594,12.696551724137931,0.9793103448275862,19.0164,8.9206,,,,,98.5
海太处理后数据.xlsx,210,5,49.817,60.982,Part_50,29.514,29.834,29.20128,18.64868,0.8830948,12.693333333333332,0.9786666666666668,18.906,9.0016,,,,,99.2
海太处理后数据.xlsx,211,5,49.871,61.037,Part_50,29.491,29.811,29.269920000000003,18.63544,0.8852856,12.693333333333332,0.9786666666666668,18.7928,9.0848,,,,,99.12
海太处理后数据.xlsx,212,5,49.925,61.091,Part_50,29.469,29.789,29.33688,18.62254,0.8874209999999999,12.693333333333332,0.9786666666666668,18.6824,9.1658,,,,,98.86
海太处理后数据.xlsx,213,5,49.979,61.145,Part_50,29.447,29.767,29.405520000000003,18.6093,0.8896118,12.69032258064516,0.9780645161290322,18.5692,9.249,,,,,99.58
海太处理后数据.xlsx,214,5,50.033,61.199,Part_50,29.424,29.744,29.47248,18.5964,0.8917472,12.709375,0.981875,18.4588,9.33,,,,,99.4
海太处理后数据.xlsx,215,5,50.087,61.253,Part_50,29.402,29.722,29.54112,18.58316,0.893938,12.709375,0.981875,18.3456,9.4132,,,,,99.04
海太处理后数据.xlsx,216,5,50.141,61.306,Part_50,29.38,29.7,29.60808,18.57026,0.8960733999999999,12.706060606060609,0.9812121212121212,18.2352,9.4942,,,,,99.54
海太处理后数据.xlsx,217,5,50.194,61.36,Part_50,29.357,29.677,29.67672,18.55702,0.8982642,12.706060606060609,0.9812121212121212,18.122,9.5774,,,,,99.18
海太处理后数据.xlsx,218,5,50.248,61.414,Part_50,29.335,29.655,29.741760000000003,18.5444,0.9003483999999999,12.706060606060609,0.9812121212121212,18.0146,9.657,,,,,98.74
海太处理后数据.xlsx,219,5,50.302,61.468,Part_50,29.31296,29.63296,29.726640000000003,18.5467,0.8999346,12.706060606060609,0.9812121212121212,18.0384,9.645,,,,,98.86
海太处理后数据.xlsx,220,5,50.356,61.522,Part_50,29.29,29.61,29.6316,18.56398,0.8970186,12.706060606060609,0.9812121212121212,18.1932,9.5406,,,,,99.46
海太处理后数据.xlsx,221,5,50.41,61.576,Part_50,29.268,29.588,29.532960000000003,18.58188,0.8939959999999999,12.6875,0.9775,18.3538,9.4326,,,,,99.1
海太处理后数据.xlsx,222,5,50.464,61.629,Part_50,29.264,29.584,29.437920000000005,18.59916,0.8910799999999999,12.69032258064516,0.9780645161290322,18.5086,9.3282,,,,,98.22
海太处理后数据.xlsx,223,5,50.517,61.682,Part_50,29.285,29.605,29.33928,18.61706,0.8880574,12.69032258064516,0.9780645161290322,18.6692,9.2202,,,,,98.78
海太处理后数据.xlsx,224,5,50.57,61.736,Part_50,29.307,29.627,29.24424,18.63434,0.8851414,12.693333333333332,0.9786666666666668,18.824,9.1158,,,,,99.06
海太处理后数据.xlsx,225,5,50.624,61.79,Part_50,29.329,29.649,29.1492,18.65162,0.8822253999999999,12.693333333333332,0.9786666666666668,18.9788,9.0114,,,,,99.1
海太处理后数据.xlsx,226,5,50.678,61.844,Part_50,29.351,29.671,29.05224,18.66918,0.8792581999999999,12.672413793103448,0.9744827586206896,19.1366,8.9056,,,,,99.28
海太处理后数据.xlsx,227,5,50.732,61.898,Part_50,29.373,29.693,28.95528,18.68674,0.8762909999999999,12.675,0.975,19.2944,8.7998,,,,,98.66
海太处理后数据.xlsx,228,5,50.786,61.952,Part_50,29.463,29.783,28.85856,18.70436,0.8733196,12.675,0.975,19.452,8.693200000000001,,,,,98.44
海太处理后数据.xlsx,229,5,50.84,62.005,Part_50,29.558000000000003,29.878,28.763520000000003,18.72164,0.8704035999999999,12.675,0.975,19.6068,8.588799999999999,,,,,98.96
海太处理后数据.xlsx,230,5,50.893,62.059,Part_50,29.653,29.973000000000003,28.66656,18.7392,0.8674364,12.67777777777778,0.9755555555555556,19.7646,8.482999999999999,,,,,98.94
海太处理后数据.xlsx,231,5,50.947,62.113,Part_50,29.748,30.068,28.569840000000003,18.75682,0.864465,12.653846153846152,0.9707692307692308,19.9222,8.3764,,,,,99.44
海太处理后数据.xlsx,232,5,51.001,62.167,Part_50,29.843000000000004,30.163,28.47288,18.77438,0.8614978,12.653846153846152,0.9707692307692308,20.08,8.2706,,,,,99.06
海太处理后数据.xlsx,233,5,51.055,62.221,Part_50,29.9296,30.2496,28.377840000000003,18.79166,0.8585818,12.656,0.9712,20.2348,8.1662,,,,,98.14
海太处理后数据.xlsx,234,5,51.109,62.275,Part_50,29.904,30.224,28.30344,18.80498,0.8563221999999999,12.656,0.9712,20.3556,8.086599999999999,,,,,98.74
海太处理后数据.xlsx,235,5,51.163,62.328,Part_50,29.879,30.199,28.27608,18.80954,0.855529,12.656,0.9712,20.3994,8.0608,,,,,99.04
海太处理后数据.xlsx,236,5,51.217,62.382,Part_50,29.829,30.149,28.26936,18.81014,0.8553922,12.656,0.9712,20.4092,8.059800000000001,,,,,99.1
海太处理后数据.xlsx,237,5,51.27,62.436,Part_50,29.765,30.085,28.262400000000003,18.81068,0.8552596,12.656,0.9712,20.4192,8.0596,,,,,99.16
海太处理后数据.xlsx,238,5,51.323,62.489,Part_50,29.69,30.01,28.24536,18.8125,0.8548794,12.656,0.9712,20.4446,8.054,,,,,99.2
海太处理后数据.xlsx,239,5,51.377,62.543,Part_50,29.5984,29.9184,28.21848,18.81566,0.8542474,12.629166666666665,0.9658333333333332,20.4852,8.042200000000001,,,,,98.78
海太处理后数据.xlsx,240,5,51.431,62.597,Part_50,29.504,29.824,28.181760000000004,18.82016,0.8533636,12.629166666666665,0.9658333333333332,20.541,8.0242,,,,,98.06
海太处理后数据.xlsx,252,5,52.024,63.19,Part_50,29.378,29.698,28.70328,18.70886,0.8712034,12.6,0.96,19.6612,8.7662,,,,,99.58
海太处理后数据.xlsx,253,5,52.069,63.235,Part_50,29.383000000000003,29.703000000000003,28.689840000000004,18.71158,0.8707602,12.6,0.96,19.6836,8.7486,,,,,99.74
海太处理后数据.xlsx,254,5,52.114,63.279,Part_50,29.3886,29.7086,28.676400000000005,18.7143,0.8703169999999999,12.6,0.96,19.706,8.731,,,,,99.9
海太处理后数据.xlsx,255,5,52.141,63.306,Part_50,29.394,29.714,28.66632,18.71634,0.8699846,12.599999999999998,0.96,19.7228,8.7178,,,,,99.98
海太处理后数据.xlsx,256,5,52.164,63.33,Part_50,29.399,29.719,28.656240000000004,18.71838,0.8696521999999999,12.599999999999998,0.96,19.7396,8.704600000000001,,,,,99.86
海太处理后数据.xlsx,257,5,52.189,63.355,Part_50,29.404,29.724,28.64616,18.72042,0.8693198,12.599999999999998,0.96,19.7564,8.6914,,,,,99.74
海太处理后数据.xlsx,258,5,52.214,63.38,Part_50,29.419,29.739,28.636080000000003,18.72246,0.8689873999999999,12.599999999999998,0.96,19.7732,8.6782,,,,,99.62
海太处理后数据.xlsx,259,5,52.238,63.404,Part_50,29.435,29.755,28.626000000000005,18.7245,0.868655,12.599999999999998,0.96,19.79,8.665,,,,,99.5
海太处理后数据.xlsx,260,5,52.263,63.429,Part_50,29.452,29.772,28.615920000000003,18.72654,0.8683225999999999,12.599999999999998,0.96,19.8068,8.6518,,,,,99.38
海太处理后数据.xlsx,261,5,52.287,63.452,Part_50,29.468000000000004,29.788,28.605840000000004,18.72858,0.8679901999999999,12.599999999999998,0.96,19.8236,8.6386,,,,,99.26
海太处理后数据.xlsx,262,5,52.311,63.477,Part_50,29.484,29.804,28.62264,18.72518,0.8685441999999999,12.599999999999998,0.96,19.7956,8.660599999999999,,,,,99.46
海太处理后数据.xlsx,263,5,52.336,63.502,Part_50,29.501,29.821,28.668000000000003,18.716,0.8700399999999999,12.6,0.96,19.72,8.72,,,,,99.64
海太处理后数据.xlsx,264,5,52.36,63.526,Part_50,29.517,29.837,28.718400000000003,18.7058,0.871702,12.6,0.96,19.636,8.786,,,,,99.4
海太处理后数据.xlsx,265,5,52.385,63.551,Part_50,29.533,29.853,28.770480000000003,18.69526,0.8734194,12.6,0.96,19.5492,8.854199999999999,,,,,99.22
海太处理后数据.xlsx,266,5,52.409,63.575,Part_50,29.549,29.869,28.82088,18.68506,0.8750814,12.6,0.96,19.4652,8.9202,,,,,99.62
海太处理后数据.xlsx,267,5,52.434,63.599,Part_50,29.566,29.886,28.872960000000003,18.67452,0.8767988,12.6,0.96,19.3784,8.9884,,,,,99.56
海太处理后数据.xlsx,268,5,52.459,63.624,Part_50,29.582,29.902,28.92336,18.66432,0.8784607999999998,12.6,0.96,19.2944,9.0544,,,,,99.04
海太处理后数据.xlsx,269,5,52.482,63.648,Part_50,29.598000000000003,29.918000000000003,28.97376,18.65412,0.8801227999999999,12.6,0.96,19.2104,9.1204,,,,,99.64
海太处理后数据.xlsx,270,5,52.507,63.673,Part_50,29.6142,29.9342,29.02584,18.64358,0.8818401999999999,12.6,0.96,19.1236,9.1886,,,,,99.62
海太处理后数据.xlsx,271,5,52.532,63.698,Part_50,29.631,29.951,29.07624,18.63338,0.8835021999999999,12.6,0.96,19.0396,9.2546,,,,,99.14
海太处理后数据.xlsx,272,5,52.556,63.722,Part_50,29.647,29.967,29.10648,18.62726,0.8844993999999999,12.6,0.96,18.9892,9.2942,,,,,99.22
海太处理后数据.xlsx,273,5,52.581,63.747,Part_50,29.663,29.983,29.096400000000003,18.6293,0.8841669999999999,12.6,0.96,19.006,9.281,,,,,99.1
海太处理后数据.xlsx,274,5,52.605,63.77,Part_50,29.68,30.0,29.06952,18.63474,0.8832806,12.6,0.96,19.0508,9.2458,,,,,99.22
海太处理后数据.xlsx,275,5,52.629,63.795,Part_50,29.696,30.016,29.04264,18.64018,0.8823941999999999,12.6,0.96,19.0956,9.2106,,,,,99.54
海太处理后数据.xlsx,276,5,52.654,63.82,Part_50,29.712,30.032,29.01744,18.64528,0.8815632,12.6,0.96,19.1376,9.1776,,,,,99.84
海太处理后数据.xlsx,277,5,52.678,63.844,Part_50,29.728,30.048,28.99056,18.65072,0.8806767999999999,12.6,0.96,19.1824,9.1424,,,,,99.84
海太处理后数据.xlsx,278,5,52.703,63.869,Part_50,29.745,30.065,28.963680000000004,18.65616,0.8797904,12.6,0.96,19.2272,9.1072,,,,,99.52
海太处理后数据.xlsx,279,5,52.727,63.893,Part_50,29.761,30.081,28.9368,18.6616,0.878904,12.6,0.96,19.272,9.072,,,,,99.2
海太处理后数据.xlsx,280,5,52.752,63.917,Part_50,29.777,30.097,28.909920000000003,18.66704,0.8780175999999998,12.6,0.96,19.3168,9.0368,,,,,99.12
海太处理后数据.xlsx,281,5,52.777,63.942,Part_50,29.793000000000003,30.113000000000003,28.88304,18.67248,0.8771311999999999,12.6,0.96,19.3616,9.0016,,,,,99.44
海太处理后数据.xlsx,282,5,54.011,65.177,Part_50,29.81,30.13,28.85784,18.67758,0.8763001999999999,12.6,0.96,19.4036,8.9686,,,,,99.74
海太处理后数据.xlsx,283,5,52.825,63.991,Part_50,29.826,30.146,28.83096,18.68302,0.8754137999999999,12.6,0.96,19.4484,8.9334,,,,,99.9
海太处理后数据.xlsx,284,5,52.849,64.015,Part_50,29.842,30.162,28.804080000000003,18.68846,0.8745274,12.6,0.96,19.4932,8.898200000000001,,,,,99.62
海太处理后数据.xlsx,285,5,52.874,64.04,Part_50,29.859,30.179,28.777200000000004,18.6939,0.8736409999999999,12.6,0.96,19.538,8.863,,,,,99.3
海太处理后数据.xlsx,286,5,52.899,64.065,Part_50,29.875,30.195,28.75032,18.69934,0.8727545999999999,12.6,0.96,19.5828,8.8278,,,,,99.02
海太处理后数据.xlsx,287,5,52.923,64.088,Part_50,29.891,30.211,28.72344,18.70478,0.8718682,12.6,0.96,19.6276,8.7926,,,,,99.34
海太处理后数据.xlsx,288,5,52.947,64.113,Part_50,29.907,30.227,28.69824,18.70988,0.8710372,12.6,0.96,19.6696,8.7596,,,,,99.64
海太处理后数据.xlsx,289,5,52.971,64.137,Part_50,29.924,30.244,28.67136,18.71532,0.8701508,12.6,0.96,19.7144,8.724400000000001,,,,,99.92
海太处理后数据.xlsx,290,5,52.996,64.162,Part_50,29.94,30.26,28.64784,18.72008,0.8693751999999999,12.599999999999998,0.96,19.7536,8.6936,,,,,99.76
海太处理后数据.xlsx,291,5,53.021,64.187,Part_50,29.956,30.276,28.626000000000005,18.7245,0.868655,12.599999999999998,0.96,19.79,8.665,,,,,99.5
海太处理后数据.xlsx,292,5,53.045,64.211,Part_50,29.97214,30.29214,28.60248,18.72926,0.8678794,12.599999999999998,0.96,19.8292,8.6342,,,,,99.22
海太处理后数据.xlsx,293,5,53.07,64.235,Part_50,29.989,30.309,28.58064,18.73368,0.8671592,12.599999999999998,0.96,19.8656,8.605599999999999,,,,,99.04
海太处理后数据.xlsx,294,5,53.095,64.26,Part_50,30.005,30.325,28.5588,18.7381,0.8664389999999998,12.599999999999998,0.96,19.902,8.577,,,,,99.3
海太处理后数据.xlsx,295,5,53.12,64.286,Part_50,30.021,30.341,28.536960000000004,18.74252,0.8657187999999999,12.599999999999998,0.96,19.9384,8.5484,,,,,99.56
海太处理后数据.xlsx,296,5,53.146,64.312,Part_50,30.038,30.358,28.515120000000003,18.74694,0.8649986,12.599999999999998,0.96,19.9748,8.5198,,,,,99.82
海太处理后数据.xlsx,297,5,53.172,64.338,Part_50,30.054,30.374,28.49328,18.75136,0.8642783999999999,12.6,0.96,20.0112,8.4912,,,,,99.92
海太处理后数据.xlsx,298,5,53.198,64.364,Part_50,30.07,30.39,28.47144,18.75578,0.8635581999999999,12.6,0.96,20.0476,8.4626,,,,,99.66
海太处理后数据.xlsx,299,5,53.224,64.39,Part_50,30.086,30.406,28.4496,18.7602,0.862838,12.6,0.96,20.084,8.434,,,,,99.4
海太处理后数据.xlsx,300,5,53.25,64.415,Part_50,30.103,30.423,28.427760000000003,18.76462,0.8621177999999999,12.6,0.96,20.1204,8.4054,,,,,99.14
海太处理后数据.xlsx,301,5,53.275,64.441,Part_50,30.119,30.439,28.40592,18.76904,0.8613976,12.6,0.96,20.1568,8.3768,,,,,99.12
海太处理后数据.xlsx,302,5,53.299,64.465,Part_50,30.135,30.455,28.382400000000004,18.7738,0.8606219999999999,12.6,0.96,20.196,8.346,,,,,99.4
海太处理后数据.xlsx,303,5,53.313,64.479,Part_50,30.1512,30.4712,28.36056,18.77822,0.8599017999999999,12.6,0.96,20.2324,8.3174,,,,,99.66
海太处理后数据.xlsx,304,5,53.327,64.493,Part_50,30.168000000000003,30.488000000000003,28.33872,18.78264,0.8591816,12.6,0.96,20.2688,8.2888,,,,,99.92
海太处理后数据.xlsx,305,5,53.342,64.508,Part_50,30.184,30.504,28.31688,18.78706,0.8584613999999999,12.6,0.96,20.3052,8.2602,,,,,99.82
海太处理后数据.xlsx,306,5,53.356,64.521,Part_50,30.2,30.52,28.295040000000004,18.79148,0.8577412,12.6,0.96,20.3416,8.2316,,,,,99.56
海太处理后数据.xlsx,307,5,53.37,64.535,Part_50,30.217,30.537,28.28664,18.79318,0.8574642,12.6,0.96,20.3556,8.2206,,,,,99.46
海太处理后数据.xlsx,308,5,53.384,64.55,Part_50,30.233,30.553,28.29168,18.79216,0.8576303999999999,12.6,0.96,20.3472,8.2272,,,,,99.52
海太处理后数据.xlsx,309,5,53.398,64.564,Part_50,30.249,30.569000000000003,28.29672,18.79114,0.8577965999999999,12.6,0.96,20.338800000000003,8.2338,,,,,99.58
海太处理后数据.xlsx,310,5,53.412,64.578,Part_50,30.2656,30.5856,28.30344,18.78978,0.8580182,12.6,0.96,20.3276,8.2426,,,,,99.66
海太处理后数据.xlsx,311,5,53.427,64.593,Part_50,30.282,30.602,28.30848,18.78876,0.8581844,12.6,0.96,20.3192,8.2492,,,,,99.72
海太处理后数据.xlsx,312,5,53.442,64.607,Part_50,30.298,30.618,28.3152,18.7874,0.858406,12.6,0.96,20.308,8.258,,,,,99.8
海太处理后数据.xlsx,313,5,53.457,64.622,Part_50,30.314,30.634,28.32024,18.78638,0.8585722,12.6,0.96,20.2996,8.2646,,,,,99.86
海太处理后数据.xlsx,314,5,53.47,64.636,Part_50,30.3302,30.6502,28.326960000000003,18.78502,0.8587937999999999,12.6,0.96,20.2884,8.2734,,,,,99.9
海太处理后数据.xlsx,315,5,53.485,64.651,Part_50,30.347,30.667,28.33032,18.78434,0.8589045999999999,12.6,0.96,20.2828,8.2778,,,,,99.9
海太处理后数据.xlsx,316,5,53.5,64.666,Part_50,30.363000000000003,30.683000000000003,28.33704,18.78298,0.8591262,12.6,0.96,20.2716,8.2866,,,,,99.9
海太处理后数据.xlsx,317,5,53.515,64.681,Part_50,30.379,30.699,28.343760000000003,18.78162,0.8593477999999999,12.6,0.96,20.2604,8.295399999999999,,,,,99.86
海太处理后数据.xlsx,318,5,53.554,64.72,Part_50,30.396,30.716,28.3488,18.7806,0.8595139999999999,12.6,0.96,20.252,8.302,,,,,99.8
海太处理后数据.xlsx,319,5,53.61,64.775,Part_50,30.412,30.732,28.35384,18.77958,0.8596802,12.6,0.96,20.2436,8.3086,,,,,99.74
海太处理后数据.xlsx,320,5,53.691,64.856,Part_50,30.428,30.748,28.36056,18.77822,0.8599017999999999,12.6,0.96,20.2324,8.3174,,,,,99.66
海太处理后数据.xlsx,321,5,53.77,64.936,Part_50,30.4448,30.7648,28.365600000000004,18.7772,0.8600679999999999,12.6,0.96,20.224,8.324,,,,,99.6
海太处理后数据.xlsx,322,5,53.898,65.064,Part_50,30.461,30.781,28.37232,18.77584,0.8602896,12.6,0.96,20.2128,8.332799999999999,,,,,99.52
海太处理后数据.xlsx,323,5,54.033,65.199,Part_50,30.477,30.797,28.377360000000003,18.77482,0.8604557999999999,12.6,0.96,20.2044,8.339400000000001,,,,,99.46
海太处理后数据.xlsx,324,5,54.169,65.335,Part_50,30.493,30.813,28.377360000000003,18.77482,0.8604557999999999,12.6,0.96,20.2044,8.339400000000001,,,,,99.46
海太处理后数据.xlsx,325,5,54.344,65.509,Part_50,30.5092,30.8292,28.36056,18.77822,0.8599017999999999,12.6,0.96,20.2324,8.3174,,,,,99.66
海太处理后数据.xlsx,326,5,54.538,65.703,Part_50,30.526,30.846,28.332000000000004,18.784,0.8589600000000001,12.6,0.96,20.28,8.28,,,,,99.88
海太处理后数据.xlsx,327,5,54.734,65.9,Part_50,30.542,30.862,28.30008,18.79046,0.8579074,12.6,0.96,20.3332,8.2382,,,,,99.62
海太处理后数据.xlsx,328,5,54.94,66.106,Part_50,30.558000000000003,30.878,28.26984,18.79658,0.8569102,12.6,0.96,20.3836,8.1986,,,,,99.26
海太处理后数据.xlsx,329,5,55.142,66.308,Part_50,30.575,30.895,28.2396,18.8027,0.8559129999999999,12.6,0.96,20.434,8.158999999999999,,,,,99.1
海太处理后数据.xlsx,331,5,55.493,66.659,Part_50,30.607,30.927,28.17912,18.81494,0.8539186,12.6,0.96,20.5348,8.0798,,,,,99.82
海太处理后数据.xlsx,332,5,55.63,66.795,Part_50,30.6236,30.9436,28.148880000000005,18.82106,0.8529213999999999,12.6,0.96,20.5852,8.0402,,,,,99.82
海太处理后数据.xlsx,333,5,55.723,66.889,Part_50,30.64,30.96,28.11864,18.82718,0.8519242,12.6,0.96,20.6356,8.000599999999999,,,,,99.46
海太处理后数据.xlsx,334,5,55.767,66.933,Part_50,30.656,30.976,28.090080000000004,18.83296,0.8509823999999999,12.6,0.96,20.683200000000003,7.9632,,,,,99.12
海太处理后数据.xlsx,335,5,55.746,66.912,Part_50,30.672,30.992,28.059840000000005,18.83908,0.8499852,12.6,0.96,20.733600000000003,7.9236,,,,,99.24
海太处理后数据.xlsx,336,5,55.652,66.818,Part_50,30.695,31.015,28.0296,18.8452,0.848988,12.6,0.96,20.784,7.883999999999999,,,,,99.6
海太处理后数据.xlsx,337,5,55.485,66.651,Part_50,30.717,31.037,27.999360000000003,18.85132,0.8479907999999999,12.6,0.96,20.8344,7.8444,,,,,99.88
海太处理后数据.xlsx,338,5,55.211,66.376,Part_50,30.74,31.06,27.969120000000004,18.85744,0.8469936,12.6,0.96,20.8848,7.8048,,,,,99.68
海太处理后数据.xlsx,339,5,54.833,65.998,Part_50,30.763,31.083,27.9456,18.8622,0.8462179999999999,12.6,0.96,20.924,7.774,,,,,99.4
海太处理后数据.xlsx,340,5,54.317,65.483,Part_50,30.786,31.106,27.932160000000003,18.86492,0.8457747999999999,12.6,0.96,20.9464,7.7564,,,,,99.24
海太处理后数据.xlsx,341,5,53.729,64.895,Part_50,30.809,31.129,27.92208,18.86696,0.8454423999999999,12.6,0.96,20.9632,7.743200000000001,,,,,99.12
海太处理后数据.xlsx,342,5,53.069,64.235,Part_50,30.832,31.152,27.91536,18.86832,0.8452207999999999,12.6,0.96,20.9744,7.734400000000001,,,,,99.04
海太处理后数据.xlsx,343,5,52.346,63.512,Part_50,30.854,31.174,27.91536,18.86832,0.8452207999999999,12.6,0.96,20.9744,7.734400000000001,,,,,99.04
海太处理后数据.xlsx,344,5,51.589,62.755,Part_50,30.877,31.197,27.91704,18.86798,0.8452762,12.6,0.96,20.9716,7.736599999999999,,,,,99.06
海太处理后数据.xlsx,345,5,50.821,61.986,Part_50,30.9,31.22,27.92712,18.86594,0.8456085999999999,12.6,0.96,20.9548,7.7498,,,,,99.18
海太处理后数据.xlsx,346,5,50.075,61.241,Part_50,30.923,31.243,27.9456,18.8622,0.8462179999999999,12.6,0.96,20.924,7.774,,,,,99.4
海太处理后数据.xlsx,347,5,49.346,60.512,Part_50,30.946,31.266,27.96576,18.85812,0.8468827999999999,12.6,0.96,20.8904,7.8004,,,,,99.64
海太处理后数据.xlsx,348,5,48.65,59.816,Part_50,30.969,31.289,27.989280000000004,18.85336,0.8476583999999999,12.6,0.96,20.8512,7.8312,,,,,99.76
海太处理后数据.xlsx,349,5,47.978,59.144,Part_50,30.991,31.311,28.019520000000004,18.84724,0.8486555999999998,12.6,0.96,20.8008,7.8708,,,,,99.72
海太处理后数据.xlsx,350,5,47.339,58.505,Part_50,31.014,31.334,28.049760000000003,18.84112,0.8496527999999999,12.6,0.96,20.7504,7.910399999999999,,,,,99.36
海太处理后数据.xlsx,351,5,46.724,57.889,Part_50,31.037,31.357,28.078320000000005,18.83534,0.8505945999999999,12.6,0.96,20.702800000000003,7.9478,,,,,99.02
海太处理后数据.xlsx,352,5,58.061,69.226,Part_50,31.06,31.38,28.10856,18.82922,0.8515917999999999,12.6,0.96,20.6524,7.9874,,,,,99.34
海太处理后数据.xlsx,353,5,45.593,56.759,Part_50,31.091,31.411,28.13712,18.82344,0.8525336,12.6,0.96,20.6048,8.0248,,,,,99.68
海太处理后数据.xlsx,354,5,45.054,56.22,Part_50,31.143,31.463,28.15896,18.81902,0.8532538,12.6,0.96,20.5684,8.0534,,,,,99.82
海太处理后数据.xlsx,355,5,44.517,55.683,Part_50,31.195,31.515,28.180800000000005,18.8146,0.8539739999999999,12.6,0.96,20.532,8.082,,,,,99.8
海太处理后数据.xlsx,356,5,43.958,55.124,Part_50,31.247,31.567,28.19592,18.81154,0.8544726,12.6,0.96,20.5068,8.101799999999999,,,,,99.62
海太处理后数据.xlsx,357,5,43.38,54.546,Part_50,31.298,31.618,28.20264,18.81018,0.8546942,12.6,0.96,20.4956,8.1106,,,,,99.54
海太处理后数据.xlsx,358,5,42.747,53.912,Part_50,31.35,31.67,28.204320000000003,18.80984,0.8547496,12.6,0.96,20.492800000000003,8.1128,,,,,99.52
海太处理后数据.xlsx,359,5,42.113,53.279,Part_50,31.402,31.722,28.20096,18.81052,0.8546387999999999,12.6,0.96,20.4984,8.1084,,,,,99.56
海太处理后数据.xlsx,360,5,41.519,52.685,Part_50,31.454,31.774,28.180800000000005,18.8146,0.8539739999999999,12.6,0.96,20.532,8.082,,,,,99.8
海太处理后数据.xlsx,361,5,41.011,52.177,Part_50,31.505,31.825,28.15056,18.82072,0.8529768,12.6,0.96,20.5824,8.0424,,,,,99.84
海太处理后数据.xlsx,362,5,40.644,51.81,Part_50,31.544,31.864,28.1136,18.8282,0.8517579999999999,12.6,0.96,20.644,7.994,,,,,99.4
海太处理后数据.xlsx,363,5,40.428,51.594,Part_50,31.568,31.888,28.0632,18.8384,0.850096,12.6,0.96,20.728,7.928,,,,,99.2
海太处理后数据.xlsx,364,5,40.315,51.48,Part_50,31.592,31.912,28.00272,18.85064,0.8481016,12.6,0.96,20.8288,7.8488,,,,,99.72
海太处理后数据.xlsx,365,5,40.257,51.422,Part_50,31.616,31.936,27.94056,18.86322,0.8460517999999999,12.6,0.96,20.9324,7.7674,,,,,99.34
海太处理后数据.xlsx,366,5,40.198,51.364,Part_50,31.641,31.961,27.87,18.8775,0.8437249999999998,12.6,0.96,21.05,7.675,,,,,99.5
海太处理后数据.xlsx,367,5,40.105,51.271,Part_50,31.665,31.985,27.796080000000003,18.89246,0.8412873999999999,12.599999999999998,0.96,21.1732,7.578200000000001,,,,,99.62
海太处理后数据.xlsx,368,5,39.932,51.098,Part_50,31.689,32.009,27.72216,18.90742,0.8388498,12.599999999999998,0.96,21.2964,7.4814,,,,,99.26
海太处理后数据.xlsx,369,5,39.745,50.911,Part_50,31.713,32.033,27.64992,18.92204,0.8364676,12.599999999999998,0.96,21.4168,7.386799999999999,,,,,99.64
海太处理后数据.xlsx,370,5,39.577,50.742,Part_50,31.737,32.056999999999995,27.57768,18.93666,0.8340853999999999,12.6,0.96,21.5372,7.2922,,,,,99.02
海太处理后数据.xlsx,371,5,39.492,50.657,Part_50,31.762,32.082,27.512160000000005,18.94992,0.8319247999999999,12.6,0.96,21.6464,7.206399999999999,,,,,99.72
海太处理后数据.xlsx,372,5,39.556,50.722,Part_50,31.786,32.106,27.453360000000004,18.96182,0.8299857999999999,12.6,0.96,21.7444,7.1294,,,,,99.54
海太处理后数据.xlsx,373,5,39.817,50.983,Part_50,31.81,32.13,27.3996,18.9727,0.828213,12.6,0.96,21.834,7.059,,,,,99.1
海太处理后数据.xlsx,374,5,40.282,51.448,Part_50,31.834,32.154,27.35928,18.98086,0.8268833999999999,12.6,0.96,21.9012,7.0062,,,,,99.58
海太处理后数据.xlsx,375,5,40.904,52.07,Part_50,31.858,32.178000000000004,27.33072,18.98664,0.8259415999999998,12.6,0.96,21.9488,6.9688,,,,,99.88
海太处理后数据.xlsx,376,5,41.642,52.808,Part_50,31.883000000000003,32.203,27.3072,18.9914,0.825166,12.6,0.96,21.988000000000003,6.938,,,,,99.8
海太处理后数据.xlsx,377,5,42.459,53.624,Part_50,31.907,32.227,27.31728,18.98936,0.8254983999999999,12.6,0.96,21.9712,6.9512,,,,,99.76
海太处理后数据.xlsx,378,5,43.291,54.456,Part_50,31.931,32.251,27.345840000000003,18.98358,0.8264402,12.6,0.96,21.9236,6.9886,,,,,99.74
海太处理后数据.xlsx,379,5,44.079,55.245,Part_50,31.955,32.275,27.38112,18.97644,0.8276035999999999,12.6,0.96,21.8648,7.034800000000001,,,,,99.32
海太处理后数据.xlsx,380,5,44.741,55.907,Part_50,31.979,32.299,27.44664,18.96318,0.8297642,12.6,0.96,21.7556,7.1206,,,,,99.42
海太处理后数据.xlsx,381,5,45.196,56.362,Part_50,32.001,32.321,27.534,18.9455,0.832645,12.6,0.96,21.61,7.235,,,,,99.42
海太处理后数据.xlsx,382,5,45.341,56.507,Part_50,32.019,32.339,27.626400000000004,18.9268,0.835692,12.599999999999998,0.96,21.456,7.356,,,,,99.36
海太处理后数据.xlsx,383,5,45.117,56.282,Part_50,32.037,32.357,27.73224,18.90538,0.8391821999999999,12.599999999999998,0.96,21.2796,7.4946,,,,,99.14
海太处理后数据.xlsx,384,5,44.591,55.756,Part_50,32.055,32.375,27.84648,18.88226,0.8429494,12.6,0.96,21.0892,7.6442,,,,,99.26
海太处理后数据.xlsx,385,5,43.842,55.008,Part_50,32.073,32.393,27.9624,18.8588,0.846772,12.6,0.96,20.896,7.796,,,,,99.24
海太处理后数据.xlsx,386,5,42.968,54.134,Part_50,32.091,32.411,28.07664,18.83568,0.8505391999999999,12.6,0.96,20.7056,7.9456,,,,,99.04
海太处理后数据.xlsx,387,5,42.078,53.244,Part_50,32.109,32.429,28.192560000000004,18.81222,0.8543618,12.6,0.96,20.5124,8.0974,,,,,99.26
海太处理后数据.xlsx,388,5,41.262,52.428,Part_50,32.126999999999995,32.447,28.2984,18.7908,0.8578519999999998,12.6,0.96,20.336,8.236,,,,,99.36
海太处理后数据.xlsx,389,5,40.532,51.698,Part_50,32.145,32.465,28.3908,18.7721,0.860899,12.6,0.96,20.182,8.357000000000001,,,,,99.3
海太处理后数据.xlsx,390,5,39.875,51.04,Part_50,32.163000000000004,32.483000000000004,28.478160000000003,18.75442,0.8637798,12.599999999999998,0.96,20.0364,8.4714,,,,,99.42
海太处理后数据.xlsx,391,5,39.292,50.458,Part_50,32.181,32.501,28.543680000000005,18.74116,0.8659403999999999,12.599999999999998,0.96,19.9272,8.5572,,,,,99.48
海太处理后数据.xlsx,392,5,38.752,49.918,Part_50,32.2,32.52,28.58064,18.73368,0.8671592,12.599999999999998,0.96,19.8656,8.605599999999999,,,,,99.04
海太处理后数据.xlsx,393,5,38.255,49.421,Part_50,32.218,32.538000000000004,28.6092,18.7279,0.8681009999999999,12.599999999999998,0.96,19.818,8.642999999999999,,,,,99.3
海太处理后数据.xlsx,394,5,37.779,48.945,Part_50,32.236,32.556,28.61256,18.72722,0.8682118,12.599999999999998,0.96,19.8124,8.6474,,,,,99.34
海太处理后数据.xlsx,395,5,37.316,48.482,Part_50,32.254,32.574,28.57224,18.73538,0.8668821999999998,12.599999999999998,0.96,19.8796,8.5946,,,,,99.14
海太处理后数据.xlsx,396,5,36.854,48.019,Part_50,32.272,32.592,28.51344,18.74728,0.8649431999999999,12.599999999999998,0.96,19.9776,8.5176,,,,,99.72
海太处理后数据.xlsx,397,5,36.374,47.539,Part_50,32.29,32.61,28.45464,18.75918,0.8630041999999999,12.6,0.96,20.0756,8.4406,,,,,99.46
海太处理后数据.xlsx,398,5,35.884,47.05,Part_50,32.308,32.628,28.374,18.7755,0.8603449999999999,12.6,0.96,20.21,8.335,,,,,99.46
海太处理后数据.xlsx,399,5,35.381,46.547,Part_50,32.326,32.646,28.2648,18.7976,0.856744,12.6,0.96,20.392,8.192,,,,,99.2
海太处理后数据.xlsx,400,5,34.891,46.057,Part_50,32.344,32.664,28.148880000000005,18.82106,0.8529213999999999,12.6,0.96,20.5852,8.0402,,,,,99.38
